,T10Y2Y,BAA10Y,T10YFF,TB3SMFFM,BAAFF,MORTGAGE30US,DFF,UNRATE,CPIAUCSL,WM2NS,T10Y3M,BAMLH0A0HYM2,DGS10,MSPUS,CORESTICKM159SFRBATL,WM1NS,GFDEGDQ188S,VIXCLS,BAMLHYH0A0HYM2TRIV,BAMLCC0A0CMTRIV,BAMLHE00EHYITRIV,BAMLHYH0A3CMTRIV,BAMLCC1A013YTRIV,BAMLCC0A1AAATRIV,MEDCPIM158SFRBCLE,MICH,EXPINF10YR,DPCCRV1Q225SBEA,PCETRIM12M159SFRBDAL,EXPINF2YR,EXPINF1YR,STICKCPIM157SFRBATL,EXPINF30YR,CP0000EZ19M086NEST,IRLTLT01EZM156N,CPHPTT01EZM659N,BAMLHE00EHYIEY,ECBDFR,ECBMLFR,ECBASSETSW
1999-09-28,0.2753232270686895,0.801162465071,-0.22776915374906917,-1.756507146113896,0.06682128250421471,1.0715580213334563,2.063714992857053,-0.9422856948630705,1.7500278071628892,0.5408559441854437,0.5615978487872323,0.7185387545886807,0.9254904663951077,0.9035594421362474,-1.052686332576014,-1.5910157779449015,-1.1565478392158306,0.47185724582299543,-0.9453101116347493,-0.49350269686037557,-0.10880682720602775,-1.2869159530601602,1.9605371413847614,-0.39974881352638647,0.9700564365908722,0.20241336032245344,1.3648806140189418,0.8629607526227793,0.9862898458733368,0.9246567031017141,0.2705141134766235,-0.4937058745854899,1.4080196653942052,1.2301169821514601,1.651050120411786,1.8862221924323712,1.0824567335815256,-0.6482999620935999,-0.6529462652949589,1.1132217980634491
1999-11-09,-0.8588896306875418,-0.9209298828541014,-0.029414374620073732,0.13581758366905822,-0.3528346039398022,0.9170939243350158,1.1400284860868937,-1.7535089730002378,1.690746435873332,2.132233133112469,-1.0547015844523182,1.0313844842703417,0.7944766154454777,2.285682722384798,0.3675916507423678,0.29039079190059736,-0.9196235710843771,-0.43853818107613357,-0.6156838696841256,0.7533974077076405,0.9576700448630456,-1.4186346607586848,2.278820478722862,0.5397015790750944,0.29846151360552364,1.5106675281555215,1.4242131477240974,1.81674039090335,2.188929416083023,1.944199330531276,1.7166322324828274,1.9945701106686677,1.3443714519498586,1.7252733143365593,0.9348074651087831,2.4104039386826623,0.08339507390230554,2.2360679774997942,0.948093806960207,1.2074629493716271
1999-12-14,-1.6556310692388283,-2.504747493078037,0.5341917650850531,2.0830727925630086,-0.5116264367807536,0.7291735162819395,0.9167764166726586,-2.246184916866501,1.696900290033753,2.3617871662997825,-1.0391755785792545,-0.5822389836639914,1.3800035697573982,1.5483619748764337,1.0451686219787168,1.8037365876138005,-0.7887715858633795,-0.08986709319520333,0.7079751246800926,0.5414641885586793,2.039247465820529,-0.8076070554678467,1.8895597345094117,0.3099164993932691,1.0654454084253981,1.785796279610913,1.5803123550664522,1.5191321723528923,2.3776823277102674,2.081772720781175,2.032881602021582,0.07213706694262574,1.4833853028446675,2.573917541789125,0.9323287981032494,2.5879097980854397,-1.0967568080224253,2.2360679774997942,1.9893732643818336,2.357514249229739
2000-01-25,0.5805442641132321,-2.6644305498172196,1.1922988571551143,1.2622490569884952,-0.4719136911127084,2.0674982147340897,1.0177351266956782,-1.4475514552861568,1.5561538947578561,1.25578377035707,0.520667354976781,-0.3473469857963888,2.4585937964143874,1.081754008220444,2.6739039281709567,0.2272479701811396,-1.869024419469762,0.032061437634342015,0.2962034282109566,-0.05358917929937072,1.8615087914994273,-0.8268913850043316,1.590113009418975,-0.4004079735318185,2.330197031949654,1.2340515772018978,1.6217210474137045,1.6919539054460995,2.5056488712262426,1.4348125453935139,1.0628422715300774,2.1368178896259358,1.6105097863845728,1.6778297468461243,1.540217410183321,1.7767612909975952,-0.682953868248934,1.4529663145135572,1.452966314513543,0.6469677476882191
2000-03-14,-2.5373896961185416,0.45071066741973226,-1.1577160795927373,0.9259784340464677,-0.7848286526518782,1.2592018571994297,1.518031764433214,-1.1935470284463037,2.2317207638946637,1.989034470103325,-2.7506117868302433,2.46305265240242,0.4881193117255438,0.7261354744624261,2.260197354111133,-0.458210503641371,-1.5619982780590398,0.6710867001748202,0.4597563603736087,1.3337653171988009,2.1577358864451743,0.48363239715604345,2.0958191770362937,1.4339526205988513,1.3637754277059075,2.4327007187250054,1.4559818741931319,1.1399499438952427,2.493406179128192,1.6798878901034624,1.5832896822817688,0.7618300377995342,1.3862207483565636,2.3089124190424966,0.627801079241228,1.4415885095745689,-1.3231310269722392,1.516783176084125,1.516783176084136,0.8383912831137453
2000-05-09,-1.371956947840193,1.1055671853481976,-0.15801679955528763,-1.4153461784144474,0.6615955456769682,1.1543951978318368,1.053769146008091,-0.3343708535372366,1.5627613849326691,0.9702779210507233,-1.1492540623443301,1.7596479777651577,1.1684017285449628,-0.4963258840179029,1.8104150023033696,-0.8081653611318597,-2.266076882017582,2.0072427117891563,-1.7855563629696214,-1.430379229738165,0.6154299125210051,-0.024196467165541576,1.129701108805533,-0.3699705144766572,0.2861418348851676,0.1551180121394221,0.6436408784705802,-1.703049465622417,1.3685864056599109,1.346858415635607,1.479663669257983,0.6353550172787475,0.4425161437530969,1.6746274410561046,0.4691036889859439,0.4677231838289811,2.3156760767341957,1.9233087914804035,1.9233087914804388,1.5612104718462831
2000-06-20,-1.1649528516170329,0.8835895074703262,-1.8834151638116379,-2.7087927103683676,-2.0127404991179256,0.3065270692194231,1.6462378392065729,-0.08515215080211871,1.770011660874897,1.0033041029075944,-1.2018350007073952,1.7153669497526676,-1.0406680238340498,-1.4662878298622666,1.8762759470865726,-0.5668001236057353,-1.4326812941076674,-1.0119509702781118,-0.34796035484758653,1.6400044227136195,-0.38442811434657354,-2.1401943462275406,2.2184711699467567,1.9445361081209591,0.5807533330413956,-0.9433045006743004,1.04749244957242,-1.4073321819094757,1.241341049495928,2.3113449281910823,2.8561846308000782,0.12958782308408578,0.7403387604565912,1.70723022633082,-0.7055176969901914,1.624303100128124,1.6945640417661505,2.39567624369581,2.395676243695854,0.7388091884777315
2000-08-15,-1.1515479341804122,0.9506989950684768,-1.6306136373931648,-0.19935749147823903,-1.7651625778014375,-1.0054821535566798,1.2736101752688107,1.3319606618244977,1.3936457596888265,1.4155519928823581,-2.0604643212120655,1.3667542623770892,-1.7876907455304816,1.873195134473426,1.987455445991854,-1.2680470717167798,-1.163291516326904,-1.7175256492366677,0.5431437509425111,2.337457680840394,-1.9540318808869641,-1.4930952241432436,2.1260952583414676,2.2855844651833213,-0.3745204690836141,-2.367989174931328,-1.9371575428044026,0.35526552356372726,1.1546315388624677,-1.082360108400015,-0.5659572159944698,0.8651605002417299,-1.987527294416062,1.4093562479411819,-0.6808318561088952,0.9536361395884553,1.6744357026306569,1.4165847104841407,1.4165847104841696,0.633197057203873
2000-09-26,0.17168305164286687,0.9075982849947977,-1.0724013614591796,-0.45456145772682055,-0.9671671951674837,-1.7508779998881507,0.8137443312025796,-1.00482816024686,1.6437701483304257,0.8145329502599963,-1.2403781146396424,1.3943887743409313,-1.2049015045470401,1.2866602453560798,1.5219922937609573,-1.6225651174524987,-0.853808796070727,-0.1349870411687358,1.0251414244718133,1.8418245379981997,-2.123677341708864,-1.1893562918385774,2.0652422558982493,1.7863545989305114,0.09212401777577517,-0.5087552702260897,-1.7464668298919355,0.4125945327117441,1.601064594543901,-1.0361543012670242,-0.3413452925377902,-1.057902050994956,-1.7833156429718455,1.7407221373947548,-0.13069233171162906,2.099409473440784,1.842144543594725,1.4434893738425705,1.4434893738426118,0.6770903415823593
2000-11-08,1.77923978909045,0.45407847050339495,-0.6892496903421553,0.6839001197645055,-0.6536816452883341,-1.7548631874646368,0.5821794520826362,-0.7244335369162006,1.676061528402382,1.920633443330827,-1.2569973335498479,2.485503034133139,-0.6127166033235799,1.713095743981561,0.9318959475829143,-0.9190697577112035,-1.1837502899321082,0.9007577352555176,-2.24771430054235,1.2187710734790378,-2.1856986693241587,-2.3969243139170833,1.4921201419820607,1.4416579498906144,-0.8746543714609314,-0.6517123786519242,-1.362038280833451,0.8688298475334361,1.9043851200435962,-1.1546538523174485,-0.6916695996239091,-0.3798546701668746,-1.356545102768983,1.8474846765391062,-1.866308241545827,1.6482322921184276,2.0112155759405552,1.4625783211642935,1.4625783211643661,1.7859778965508928
2000-12-12,1.0476251122176778,2.0424211721077206,-1.4699204948697995,-0.8717806396447502,-0.9461927264839974,-1.9548014542333774,-0.012618952964248824,-0.5979732397668618,1.5690467439506701,2.3205198305328216,-1.2715059801242847,2.583496431799781,-2.1683611864439447,1.255268786130126,1.2625045253810254,-1.0826518819173683,-1.4295418251779899,0.5006295124765721,-2.1812192987736903,1.741292816857689,-1.990813610238296,-2.831058571354004,1.6535904019395333,1.9759350270172855,1.2048444778235634,-1.0553989715647039,-1.5768188574073312,0.9377592369739762,1.8257904646489835,-0.9935592768826808,-0.2769261878042929,0.990904487417968,-1.6183635157396181,2.0670660783439847,-3.0,1.3924066771006083,2.179547260755565,1.1806330359542065,1.180633035954306,2.8022731557128195
2001-01-23,3.0,0.7122832518640652,0.07322375687408779,-1.6335176809937744,0.5857044861969478,-2.0601394394643133,-2.2145606135361775,2.2776569247649343,1.8675188756942278,1.7370407221107185,0.9442016215814127,0.8542656361273854,-1.2684186872110155,0.12844665401482225,0.3866753906000341,-0.11471666907285492,0.6821261495601654,-0.3479969071212794,0.9050594635780426,1.915744586240361,0.1438029973922106,-1.014143309435291,1.9539733189403194,1.784937962527576,2.457993361704501,0.5239382124459669,-2.36783436082539,2.286610902767436,1.5020349584276755,-2.2975470151995574,-1.9842099484868587,0.9530170979448798,-2.3596980521549233,0.7367834181176809,-2.0518576999445024,-1.0087097044873803,0.3400541004362752,0.9414859847955065,0.9414859847956829,1.2889345015064528
2001-03-13,1.6876313981148428,1.2866676476141665,0.6214979031803091,-2.03375317117501,1.5059816633666052,-1.5335678705559113,-1.8880687568133652,1.9899748742131627,1.5781422466367974,2.344013915004269,2.0194631529192906,0.1837946858387596,-1.6402341564579044,-0.4315144665370493,0.8998270940264335,-0.23157471908240987,0.9659251526754601,1.202354312470221,1.4091929111155272,1.957212105668371,-0.22825414902843888,0.028069327260098535,1.9311975627370703,1.7951537373753164,-0.2766769956646333,-0.7404399222181264,-1.8601913988481094,1.580107697401761,0.8057690033324285,-2.5309399645540913,-2.9898471205729393,0.2951943942830445,-1.7366354166800506,2.1583363244125464,-1.606519635612223,-0.1452029872430983,0.6534892469535815,0.7221883727386746,0.7221883727390399,-0.06798417153595895
2001-05-08,2.1403506730339483,0.12921392059426307,2.6756872588182423,0.24474840392237093,2.391986737176938,-0.612978446263224,-2.1902809465893074,1.059158098515492,2.012930093126268,1.3265261316294104,2.446437799119487,-0.08356939233900182,-0.31954079705542293,2.109781779871134,1.8072415139011548,0.047185528983294256,-1.3072988378822763,-0.1920837139646404,0.705857641769636,1.4665165490778285,-0.7812466258717489,-0.4175344710853478,1.747863108521685,1.2977924480286143,0.9232677867346619,1.7412932599559285,0.012311051315527044,-1.6195115223233556,1.5555815541587972,-0.3317725563458674,-0.2704318478932144,0.4308629880232704,0.11829938569689752,2.620692205576492,0.45976149822196943,2.626278034118624,-0.05500091249329464,0.4066988027602148,0.40669880276122533,-0.49809288030919696
2001-06-19,1.6500993184819275,-0.19263122034663982,1.8281921818418694,0.8488277600006269,1.7930828632712388,-0.3702344833323122,-1.777241383694669,1.5965854616315092,1.6781628019216912,1.4480285505131574,1.596328590439086,0.3391565304300214,-0.0773018182645067,1.3929499853786667,2.26226519494868,1.0334911018459496,-0.9707215018656529,-1.0216216200688069,-0.05311685876344536,1.4766751352445149,-2.3384302543809072,-0.6684717955539073,1.685161680285463,1.3017874237835476,0.7380275279804529,0.18869938955845922,0.6895657126727865,-1.2355235635673174,2.159507883335767,0.04601798708412387,0.00874888962295818,2.8409307737367335,0.8528969075556428,1.743891664695058,0.45322950876062224,1.1032629323728225,1.0697273730527355,-2.3369934663029586,-2.336993466310115,-0.9155899183903239
2001-08-14,1.0556083359025255,0.7934948924350574,0.926224824672602,1.5448233649489453,1.0748061815340924,-0.7478561258743628,-1.223228610393898,2.4284952169185603,0.9692901741600934,1.5524547359844294,0.8252418013922097,-0.25766291044098605,-1.1255298629242219,-0.3581901924496464,1.6566745952179658,0.5993145563628808,0.42842027489603374,-1.1385260669157047,0.6129172051991603,1.9671938330804788,-1.455714785308997,0.27818849097389925,1.8174713929629611,1.9705912941508692,1.1491787180912767,-1.091432543469646,-0.03430573679827943,-1.4055611874198506,1.2910730769814749,-0.3230435326838905,-0.26612510883057483,1.7373172202367013,0.04178650708400106,0.8017142413670082,-0.4264969525894245,-0.4601707872765403,0.8408693919496242,-1.2855471904788747,-1.2855471904809572,0.20625395310874664
2001-09-25,2.3824262586790974,3.0,1.0116403514441308,0.6254407926260636,1.6792555256733515,-2.263023122020118,-1.4737860762501556,1.8868888770872398,1.4976446566673218,1.7485553775432783,1.6206996400747664,3.0,-1.7826147340256315,-0.397989213915567,1.8713205881618733,1.8915848972716363,0.3717788701682714,2.3830487610111635,-3.0,1.440033986975176,-2.029339275186981,-3.0,2.0081617722205047,1.9226066100200105,-0.8757821294140034,-0.44118105095176735,0.5526430316725576,-1.0123365623453005,-0.9573701074077287,1.635295082225969,2.0245224215176165,0.0809221691008395,0.38474928010057263,0.8922394945433056,-0.614594102066858,-0.7304328982835645,2.983974662063346,-3.0,-3.0,-1.9255527001014021
2001-10-30,2.0099986023588436,1.702551065360827,0.9820320720795084,0.8257504110414691,1.3405808476089842,-2.0228358083242224,-1.556096444794983,1.9126658089229933,0.6072731602435155,1.145323572824147,1.3983105716470166,1.8213176361031655,-2.1007064294633473,-0.8577643614940156,1.7754638325151604,1.1499891955025985,1.8751759978366316,1.3687061917193535,-1.1644448292448066,1.9888331687686611,-1.1550650048343067,-1.6883464290145145,1.9289972551456134,2.3768038220026537,1.7268873135213731,-2.6458358082435796,-1.2840004550356277,0.6604202826873135,-1.3259189510812193,-1.505796943302645,-1.1639001942316614,0.4434208240811084,-1.1574830988092897,0.8935938557187553,-1.8629034130990596,-0.8977769617692865,1.7095773715705476,-2.033044240913958,-2.0330442409144216,-1.1048561070473877
2001-12-04,1.4826070273057272,0.7182888404724561,1.7546977037510036,1.4003139202984918,1.6922797862821277,0.3590369128515356,-1.7355370844893745,2.122200823890913,0.003317219455291651,1.953712810584941,2.067722356575195,-0.0559664380804194,-0.9106831036708816,-0.9579283112984881,1.5538043832000406,1.8180296194463612,1.4719807633534372,-0.35261959262100107,0.628436439708755,1.5454166763344286,-0.2751715409920232,-0.3500777464334929,1.4875340583204735,1.6622668002846355,-1.6388581422748814,-0.570908783420197,-0.19109579486208977,1.1760249715498872,-2.883521619808202,0.028454056003175934,0.47838915939309695,-1.8696901739783198,-0.18415551349628534,2.3684700989298197,-0.45367441231987105,-1.2876752889697392,1.176360452377585,-2.1124200717211705,-2.112420071721442,-0.7158423201767665
2002-01-22,1.1727748700174832,-0.4182778342990964,1.34353886243228,1.5853481998292098,1.08433125009581,-0.48492818133407506,-1.2241996310252266,1.3363630925562993,0.5474984583798153,1.2502732946039337,1.4265364071393323,-0.32338954754570753,-0.06941759479697085,2.761137116355504,1.0375451288690658,0.6950017215087471,0.9422028391005856,-0.3011913780779256,0.7626868646385083,1.3471736296400982,0.2557056646004893,0.11249846132387217,1.3658317823156385,1.311515087674903,-0.7503851253863256,-0.23069332276655588,0.7687568995665705,-0.6089227825853872,-2.222360028209123,-0.537360938614931,-0.99026126565328,-0.7350041810298007,1.0452398543747905,2.01822778570308,0.018046151521064115,0.5030489248048572,-0.48037531600089317,-1.3233507114058347,-1.323350711405993,1.5288827905348186
2002-03-12,0.1794362722116801,-1.0067842564548115,1.4683472212335134,1.9682980680541415,1.19005080092789,-0.07812889249308551,-0.9999460657541961,0.9676085956767385,2.6930661154459288,1.5629967671695375,1.265151390558425,-1.7162555404053301,1.5561295760688487,1.6075001254196515,0.14596643770407183,0.10262653157602049,0.6736308893169982,-1.1070554046350845,0.9231720499302039,0.21788349421390266,-0.5191745551758461,0.15766481380272637,0.6360418600468936,0.3517642311394735,-0.46614163607449294,0.9547113761015856,0.31434498691877494,-0.4613684770642309,-1.4524034676853883,-1.0378212334641983,-1.370603231047245,-2.2914061355836615,0.6044370926855588,2.6349412389131484,1.8365638297259026,0.7146477990597971,-0.8435733587717585,-0.8984051781761628,-0.8984051781762911,-1.2261607427891876
2002-04-30,0.2942641153048021,-0.8057634412125682,0.6172609024299713,0.7471214035116034,0.4620479905283072,-0.0038250039979373495,-0.5044062474609746,1.2484400331604792,2.2471147807922236,0.450194985121816,0.6627072754077864,-1.6414193344069599,0.6213012100452255,0.9192325985097868,-0.3637586267688879,1.0099973490695828,1.5520379836280729,-0.5207776671464758,1.6042901106271612,0.7841054952733391,-0.06455854936635826,1.4439612479592552,1.3049644763466346,1.574531653001829,-0.7925409577045558,1.0241007897243626,1.7630774376328504,1.5340630931257742,-1.2792354496501233,1.0089128200239412,0.49805766166902227,-0.46888496216674813,1.7681838064735316,1.9518703775953006,1.3644402469533994,0.31948089984158995,-1.281340269975901,-0.6107751201008467,-0.6107751201010404,-0.7639977525557025
2002-06-18,0.6590478416710341,0.32057929464196855,0.050154004631834496,0.34604948614646225,0.2424855655812501,-0.8153592979348848,-0.6093837018826513,0.7323144127887576,1.56267687608054,1.4367563276177218,-0.14307523899697352,-0.15931165707308836,-0.47740764219275905,0.604488948439184,-3.0,-0.10039373624876742,1.4873881370305677,0.29021002525914624,0.15308407308153996,2.6829799681371993,-0.8974267000027409,-1.5198101285964747,2.9055299869318274,2.7938575284465093,-0.8486933793103925,0.8708165523861077,0.21505735337887352,1.08303590947586,-1.7815913633787452,0.03149177821662284,-0.0285655265949801,-1.6055631036775873,0.23930847283749948,1.3375520215567003,0.4270121394762088,-1.6713727489362826,-1.7394876129358685,-0.37452836102599757,-0.3745283610266348,-0.7200203069884156
2002-08-06,0.6590478416710341,0.32057929464196855,0.050154004631834496,0.34604948614646225,0.2424855655812501,-0.8153592979348848,-0.6093837018826513,0.7323144127887576,1.56267687608054,1.4367563276177218,-0.14307523899697352,-0.15931165707308836,-0.47740764219275905,0.604488948439184,-3.0,-0.10039373624876742,1.4873881370305677,0.29021002525914624,0.15308407308153996,2.6829799681371993,-0.8974267000027409,-1.5198101285964747,2.9055299869318274,2.7938575284465093,-0.8486933793103925,0.8708165523861077,0.21505735337887352,1.08303590947586,-1.7815913633787452,0.03149177821662284,-0.0285655265949801,-1.6055631036775873,0.23930847283749948,1.3375520215567003,0.4270121394762088,-1.6713727489362826,-1.7394876129358685,-0.37452836102599757,-0.3745283610266348,-0.7200203069884156
2002-09-17,0.6590478416710341,0.32057929464196855,0.050154004631834496,0.34604948614646225,0.2424855655812501,-0.8153592979348848,-0.6093837018826513,0.7323144127887576,1.56267687608054,1.4367563276177218,-0.14307523899697352,-0.15931165707308836,-0.47740764219275905,0.604488948439184,-3.0,-0.10039373624876742,1.4873881370305677,0.29021002525914624,0.15308407308153996,2.6829799681371993,-0.8974267000027409,-1.5198101285964747,2.9055299869318274,2.7938575284465093,-0.8486933793103925,0.8708165523861077,0.21505735337887352,1.08303590947586,-1.7815913633787452,0.03149177821662284,-0.0285655265949801,-1.6055631036775873,0.23930847283749948,1.3375520215567003,0.4270121394762088,-1.6713727489362826,-1.7394876129358685,-0.37452836102599757,-0.3745283610266348,-0.7200203069884156
2002-10-30,0.6590478416710341,0.32057929464196855,0.050154004631834496,0.34604948614646225,0.2424855655812501,-0.8153592979348848,-0.6093837018826513,0.7323144127887576,1.56267687608054,1.4367563276177218,-0.14307523899697352,-0.15931165707308836,-0.47740764219275905,0.604488948439184,-3.0,-0.10039373624876742,1.4873881370305677,0.29021002525914624,0.15308407308153996,2.6829799681371993,-0.8974267000027409,-1.5198101285964747,2.9055299869318274,2.7938575284465093,-0.8486933793103925,0.8708165523861077,0.21505735337887352,1.08303590947586,-1.7815913633787452,0.03149177821662284,-0.0285655265949801,-1.6055631036775873,0.23930847283749948,1.3375520215567003,0.4270121394762088,-1.6713727489362826,-1.7394876129358685,-0.37452836102599757,-0.3745283610266348,-0.7200203069884156
2002-12-03,0.6590478416710341,0.32057929464196855,0.050154004631834496,0.34604948614646225,0.2424855655812501,-0.8153592979348848,-0.6093837018826513,0.7323144127887576,1.56267687608054,1.4367563276177218,-0.14307523899697352,-0.15931165707308836,-0.47740764219275905,0.604488948439184,-3.0,-0.10039373624876742,1.4873881370305677,0.29021002525914624,0.15308407308153996,2.6829799681371993,-0.8974267000027409,-1.5198101285964747,2.9055299869318274,2.7938575284465093,-0.8486933793103925,0.8708165523861077,0.21505735337887352,1.08303590947586,-1.7815913633787452,0.03149177821662284,-0.0285655265949801,-1.6055631036775873,0.23930847283749948,1.3375520215567003,0.4270121394762088,-1.6713727489362826,-1.7394876129358685,-0.37452836102599757,-0.3745283610266348,-0.7200203069884156
2003-01-21,1.8180196969500015,-0.2552377218150002,-0.020106652800164323,0.40745834557740074,-0.30231159134459695,-1.0611828507895975,-1.1966844710000935,-8.989446118130613e-15,1.934812405242705,1.3988043939428858,0.13997300568289303,-1.0253547174940627,-0.6620311071533271,0.21955565419547923,-1.2588472185932262,0.6664857105275208,0.9794055978102953,-0.42798068935651573,1.4160186991635004,1.9561107124267016,2.2042615929654117,1.5796358915523803,2.090124035180472,1.4250710155487003,-0.7256525265476516,-0.5448831539818184,-0.6568274616912021,-1.5274063041999886,0.6439241524053185,-0.5545487547825687,-0.39243329755962114,0.13449225889097377,-0.6682836509656349,1.595513414213493,-1.4865589263256893,0.30806385570459316,-2.628610133298437,-2.116190178024909,-2.116190178027766,-0.6146472422574623
2003-03-11,0.5848563433947619,-0.648486430803363,-0.6258396295673033,-0.5633549517992843,-1.3507866117133873,-2.029386128599702,-1.1382834002913313,0.8081285179719881,2.0106753538531015,1.8718579258867984,-0.5776808680361111,-1.2307875177229044,-1.7274006288221226,0.26175261850818726,-1.5883832975716152,0.2780651245196163,0.6575857606919816,0.37912626335325905,1.914330789046698,2.01689261638485,1.4503148278368345,2.0053318243739544,1.8414312421878056,2.0485792188062977,-2.819445916343783,3.0,-1.3581379546923429,-1.0322016890478922,-1.738644077033648,-1.4507560743006935,-1.513557742770351,-2.56260081697239,-1.344184351965678,2.610774348069265,-1.4052991805539747,1.395379452387702,-1.2601549164763224,-2.236152938256458,-2.23615293825843,-1.8648240174035005
2003-04-29,1.1007738693050961,-2.1597162490083153,0.45367769427817445,-0.6367547681791078,-1.7148571586796284,-1.1387947558509837,-0.5708118744798051,1.2894256130036748,0.8660838991789825,1.1696344751952104,0.6478681180730144,-2.143412090206626,-0.04057226759572934,1.1239291425315776,-1.85187794606907,1.8814310276731891,1.9600353193755398,-2.0588041510948303,2.2563588757559443,1.78773254689443,1.7967146429964753,2.35972872911561,1.6649055551885863,1.7123259214445965,-1.9821940562349756,-0.8338149271191457,-0.9822752283707642,0.1424578879905508,-2.486835511050377,-0.7708987181377008,-0.43357166825450827,-2.0842733589079074,-1.001413772774355,1.679808589877181,-0.6966197408083038,-1.4834505744147857,-1.6284947134348982,-1.3418480497600602,-1.3418480497609526,0.7624481145426573
2003-06-17,-1.5376253719010162,-1.1733648108473869,-1.9327629610620964,-2.779495724772549,-2.0574582048428263,-2.511808604562473,-0.4155733206712992,2.482137721208177,0.5061854900359062,2.111260652016179,-1.3697851036055837,-1.6531928394338706,-2.361637183163947,1.0803010431988143,-1.8591885485339195,1.3296674772944874,1.503318709843813,-1.4920725450266672,1.913431680945591,2.009681209582542,1.846642402393271,1.92797459233834,1.7028651438380968,2.0907647834535625,-0.7929623826526722,-1.271680101637171,-2.0358535565932736,1.125340837793533,-2.0230404611726986,0.37053276901885723,2.5630076702530844,-1.444893940547872,-2.172247372150386,1.25628008326228,-1.9764928313128542,-1.3287363390292755,-1.7035949283366314,-2.28943872772921,-2.2894387277307677,0.700656874430684
2003-08-05,2.2085043603343784,-1.524955702104097,3.0,0.6950424550117895,1.3222382231540746,1.4856486607326758,-3.0,0.49028704259065403,2.0496055154818147,2.221431215005331,2.9901754287935436,-1.4919218654598383,2.174902492764333,0.898533212991032,-1.6446613056063428,1.7368641492527144,0.5455696642870365,-0.4720724484817948,0.9933713733198966,-0.015491867436096374,1.2672664797510613,1.245763195579878,0.835118244741942,-0.4185658345307053,0.7710190739263856,0.31066388666070793,1.261098199847689,1.905743150114844,-0.8946544832078337,0.18800404282256714,-0.6402231750744333,-0.1585582075949751,1.3451634403144814,0.9615787946823247,0.4422722391286278,-0.3511654033745636,-1.074074681855133,-1.5504297981018649,-1.550429798103134,0.5038985083643163
2003-09-08,1.9250531479398132,-1.619482895935393,1.6984917082994495,0.8992161606752547,0.7088916350762335,2.139367178975907,-1.5820244581051326,0.3888600073884094,2.5267347329861307,1.7784303889424475,1.6993101069583219,-1.572842100008958,1.4690262019406364,0.7722019017966641,-1.1749658835939445,0.08336390522058522,0.3746098890944764,-1.063937804697666,1.318072803315949,0.26059176337739726,1.5478523318898165,1.383151016590977,1.1495842316458118,-0.1539505289065716,0.5137899354671588,1.01356779484546,2.1404315808243606,1.3742804203052041,-1.0718133815114617,1.246079337789241,0.12490466588087547,0.6359889714945356,2.1582829042357483,1.5623455193319902,0.8744060635801245,0.36486062665170294,-1.3213044358913675,-1.2297705832420334,-1.2297705832432226,0.9148990577861907
2003-09-09,1.9025516392742128,-1.4222461829557858,1.6813372557499644,0.9013901341707393,0.8391617977832978,2.1150250635209513,-1.891120457066608,0.38623726273453357,2.5086031541684175,1.761565197556999,1.599266206816889,-1.5733846019682054,1.3425444760985203,0.7687638626890352,-1.166852580213766,0.08702487004076154,0.3695542050950516,-0.9426102699083835,1.3511572923044735,0.3094002180855382,1.5545754375578127,1.4181283550124815,1.193154535352004,-0.10849296133749428,0.5228347519016959,1.0087686949980734,2.1291847147600036,1.3627819543858655,-1.0650941268602097,1.2419071866959415,0.1242708503010199,0.6376095652440795,2.1471546326619197,1.5533258919942154,0.8834464935916498,0.36776824257054475,-1.3308420684706919,-1.2200058533388805,-1.2200058533400615,0.9265669761622627
2003-10-21,0.632333804588208,-1.62754978139963,1.3002433557267328,0.6371210540191214,0.6204909985506958,0.7967044136092784,-1.17025029265324,-0.6267699253197008,1.4036056326057238,0.9099391847371869,1.3424895478116086,-1.7104121757493311,1.1907692428552914,2.365717315221561,-1.0029198273430904,0.5960766320617099,1.6715384003228582,-1.185714851422658,1.5695534150202513,0.4395337036079278,1.4813466655362142,1.494638993441299,1.0285994150940934,0.11995792325759966,0.66191697058826,0.4415736503527368,-0.2540752965787583,0.9878783399072145,-1.0105542655928448,-0.7764045082511416,-0.7562908433708502,1.0449389214086546,-0.18156716741479242,1.8313552116815515,1.2629888251553312,-0.13400040034747912,-1.2169099324423722,-0.8889382209407237,-0.8889382209418246,0.3663970260986335
2003-12-02,-0.41864645281729745,-1.7044171847274865,1.0328537526079373,0.6771346823138091,0.45768722689632324,0.21639649204044317,-1.0152447971858047,-2.6151260284394926,1.693088072946328,1.0364972848500174,1.0070593671770134,-1.788579749149941,0.9351745586615741,1.6718937087011778,-1.9615157830465766,1.9624748900112312,1.422436943532256,-1.3116440835685508,1.7604411353819092,0.5818338804088773,1.4396784913146128,1.6305420830380406,0.969597393408485,0.20876694318978525,0.2454492479501174,0.6174582530281031,1.4715775449164117,0.7624928516630253,-0.7625067264722776,2.1645390225356302,1.7713700337600287,0.20467355698045664,1.3604341742402812,2.647862967612736,1.0294911537268594,-0.7580279337946484,-1.0304536520727177,-0.6386088231858222,-0.638608823187137,1.8010116664747293
2004-01-20,-0.05853235532619293,-1.1843198620868298,0.07804800732833524,0.0005431130304347679,-0.5626674219414954,-0.49389821243718796,-0.26916792352834884,-1.5181997951413073,1.78112620663365,0.2507107794969134,0.15469990748962167,-1.7032513016759243,0.018867724604028746,2.892791898234196,-1.597839258999815,0.0320335200607072,1.8019443428758675,-2.044885406811957,2.167221636999582,1.8387860458124854,1.8701823270863243,2.140176311017994,2.365275918522037,1.4292883240164427,0.6577156239493133,0.7878098248280585,0.7274129422293696,2.524372030008708,1.5622626269054898,0.28554817474993055,-0.17075254181804309,1.4609296144499104,0.7580018256613147,0.9749536075963994,0.38191984619614633,-2.1648636274378728,-1.6814189552808827,-0.32444284226202524,-0.32444284226370473,0.01622262690879134
2004-03-09,-0.05853235532619293,-1.1843198620868298,0.07804800732833524,0.0005431130304347679,-0.5626674219414954,-0.49389821243718796,-0.26916792352834884,-1.5181997951413073,1.78112620663365,0.2507107794969134,0.15469990748962167,-1.7032513016759243,0.018867724604028746,2.892791898234196,-1.597839258999815,0.0320335200607072,1.8019443428758675,-2.044885406811957,2.167221636999582,1.8387860458124854,1.8701823270863243,2.140176311017994,2.365275918522037,1.4292883240164427,0.6577156239493133,0.7878098248280585,0.7274129422293696,2.524372030008708,1.5622626269054898,0.28554817474993055,-0.17075254181804309,1.4609296144499104,0.7580018256613147,0.9749536075963994,0.38191984619614633,-2.1648636274378728,-1.6814189552808827,-0.32444284226202524,-0.32444284226370473,0.01622262690879134
2004-04-27,-0.05853235532619293,-1.1843198620868298,0.07804800732833524,0.0005431130304347679,-0.5626674219414954,-0.49389821243718796,-0.26916792352834884,-1.5181997951413073,1.78112620663365,0.2507107794969134,0.15469990748962167,-1.7032513016759243,0.018867724604028746,2.892791898234196,-1.597839258999815,0.0320335200607072,1.8019443428758675,-2.044885406811957,2.167221636999582,1.8387860458124854,1.8701823270863243,2.140176311017994,2.365275918522037,1.4292883240164427,0.6577156239493133,0.7878098248280585,0.7274129422293696,2.524372030008708,1.5622626269054898,0.28554817474993055,-0.17075254181804309,1.4609296144499104,0.7580018256613147,0.9749536075963994,0.38191984619614633,-2.1648636274378728,-1.6814189552808827,-0.32444284226202524,-0.32444284226370473,0.01622262690879134
2004-06-22,-0.05853235532619293,-1.1843198620868298,0.07804800732833524,0.0005431130304347679,-0.5626674219414954,-0.49389821243718796,-0.26916792352834884,-1.5181997951413073,1.78112620663365,0.2507107794969134,0.15469990748962167,-1.7032513016759243,0.018867724604028746,2.892791898234196,-1.597839258999815,0.0320335200607072,1.8019443428758675,-2.044885406811957,2.167221636999582,1.8387860458124854,1.8701823270863243,2.140176311017994,2.365275918522037,1.4292883240164427,0.6577156239493133,0.7878098248280585,0.7274129422293696,2.524372030008708,1.5622626269054898,0.28554817474993055,-0.17075254181804309,1.4609296144499104,0.7580018256613147,0.9749536075963994,0.38191984619614633,-2.1648636274378728,-1.6814189552808827,-0.32444284226202524,-0.32444284226370473,0.01622262690879134
2004-08-03,-0.05853235532619293,-1.1843198620868298,0.07804800732833524,0.0005431130304347679,-0.5626674219414954,-0.49389821243718796,-0.26916792352834884,-1.5181997951413073,1.78112620663365,0.2507107794969134,0.15469990748962167,-1.7032513016759243,0.018867724604028746,2.892791898234196,-1.597839258999815,0.0320335200607072,1.8019443428758675,-2.044885406811957,2.167221636999582,1.8387860458124854,1.8701823270863243,2.140176311017994,2.365275918522037,1.4292883240164427,0.6577156239493133,0.7878098248280585,0.7274129422293696,2.524372030008708,1.5622626269054898,0.28554817474993055,-0.17075254181804309,1.4609296144499104,0.7580018256613147,0.9749536075963994,0.38191984619614633,-2.1648636274378728,-1.6814189552808827,-0.32444284226202524,-0.32444284226370473,0.01622262690879134
2004-09-14,-0.05853235532619293,-1.1843198620868298,0.07804800732833524,0.0005431130304347679,-0.5626674219414954,-0.49389821243718796,-0.26916792352834884,-1.5181997951413073,1.78112620663365,0.2507107794969134,0.15469990748962167,-1.7032513016759243,0.018867724604028746,2.892791898234196,-1.597839258999815,0.0320335200607072,1.8019443428758675,-2.044885406811957,2.167221636999582,1.8387860458124854,1.8701823270863243,2.140176311017994,2.365275918522037,1.4292883240164427,0.6577156239493133,0.7878098248280585,0.7274129422293696,2.524372030008708,1.5622626269054898,0.28554817474993055,-0.17075254181804309,1.4609296144499104,0.7580018256613147,0.9749536075963994,0.38191984619614633,-2.1648636274378728,-1.6814189552808827,-0.32444284226202524,-0.32444284226370473,0.01622262690879134
2004-11-03,-0.05853235532619293,-1.1843198620868298,0.07804800732833524,0.0005431130304347679,-0.5626674219414954,-0.49389821243718796,-0.26916792352834884,-1.5181997951413073,1.78112620663365,0.2507107794969134,0.15469990748962167,-1.7032513016759243,0.018867724604028746,2.892791898234196,-1.597839258999815,0.0320335200607072,1.8019443428758675,-2.044885406811957,2.167221636999582,1.8387860458124854,1.8701823270863243,2.140176311017994,2.365275918522037,1.4292883240164427,0.6577156239493133,0.7878098248280585,0.7274129422293696,2.524372030008708,1.5622626269054898,0.28554817474993055,-0.17075254181804309,1.4609296144499104,0.7580018256613147,0.9749536075963994,0.38191984619614633,-2.1648636274378728,-1.6814189552808827,-0.32444284226202524,-0.32444284226370473,0.01622262690879134
2004-12-07,-0.05853235532619293,-1.1843198620868298,0.07804800732833524,0.0005431130304347679,-0.5626674219414954,-0.49389821243718796,-0.26916792352834884,-1.5181997951413073,1.78112620663365,0.2507107794969134,0.15469990748962167,-1.7032513016759243,0.018867724604028746,2.892791898234196,-1.597839258999815,0.0320335200607072,1.8019443428758675,-2.044885406811957,2.167221636999582,1.8387860458124854,1.8701823270863243,2.140176311017994,2.365275918522037,1.4292883240164427,0.6577156239493133,0.7878098248280585,0.7274129422293696,2.524372030008708,1.5622626269054898,0.28554817474993055,-0.17075254181804309,1.4609296144499104,0.7580018256613147,0.9749536075963994,0.38191984619614633,-2.1648636274378728,-1.6814189552808827,-0.32444284226202524,-0.32444284226370473,0.01622262690879134
2005-01-25,-0.05853235532619293,-1.1843198620868298,0.07804800732833524,0.0005431130304347679,-0.5626674219414954,-0.49389821243718796,-0.26916792352834884,-1.5181997951413073,1.78112620663365,0.2507107794969134,0.15469990748962167,-1.7032513016759243,0.018867724604028746,2.892791898234196,-1.597839258999815,0.0320335200607072,1.8019443428758675,-2.044885406811957,2.167221636999582,1.8387860458124854,1.8701823270863243,2.140176311017994,2.365275918522037,1.4292883240164427,0.6577156239493133,0.7878098248280585,0.7274129422293696,2.524372030008708,1.5622626269054898,0.28554817474993055,-0.17075254181804309,1.4609296144499104,0.7580018256613147,0.9749536075963994,0.38191984619614633,-2.1648636274378728,-1.6814189552808827,-0.32444284226202524,-0.32444284226370473,0.01622262690879134
2005-03-15,-0.05853235532619293,-1.1843198620868298,0.07804800732833524,0.0005431130304347679,-0.5626674219414954,-0.49389821243718796,-0.26916792352834884,-1.5181997951413073,1.78112620663365,0.2507107794969134,0.15469990748962167,-1.7032513016759243,0.018867724604028746,2.892791898234196,-1.597839258999815,0.0320335200607072,1.8019443428758675,-2.044885406811957,2.167221636999582,1.8387860458124854,1.8701823270863243,2.140176311017994,2.365275918522037,1.4292883240164427,0.6577156239493133,0.7878098248280585,0.7274129422293696,2.524372030008708,1.5622626269054898,0.28554817474993055,-0.17075254181804309,1.4609296144499104,0.7580018256613147,0.9749536075963994,0.38191984619614633,-2.1648636274378728,-1.6814189552808827,-0.32444284226202524,-0.32444284226370473,0.01622262690879134
2005-04-26,-0.05853235532619293,-1.1843198620868298,0.07804800732833524,0.0005431130304347679,-0.5626674219414954,-0.49389821243718796,-0.26916792352834884,-1.5181997951413073,1.78112620663365,0.2507107794969134,0.15469990748962167,-1.7032513016759243,0.018867724604028746,2.892791898234196,-1.597839258999815,0.0320335200607072,1.8019443428758675,-2.044885406811957,2.167221636999582,1.8387860458124854,1.8701823270863243,2.140176311017994,2.365275918522037,1.4292883240164427,0.6577156239493133,0.7878098248280585,0.7274129422293696,2.524372030008708,1.5622626269054898,0.28554817474993055,-0.17075254181804309,1.4609296144499104,0.7580018256613147,0.9749536075963994,0.38191984619614633,-2.1648636274378728,-1.6814189552808827,-0.32444284226202524,-0.32444284226370473,0.01622262690879134
2005-06-22,-0.05853235532619293,-1.1843198620868298,0.07804800732833524,0.0005431130304347679,-0.5626674219414954,-0.49389821243718796,-0.26916792352834884,-1.5181997951413073,1.78112620663365,0.2507107794969134,0.15469990748962167,-1.7032513016759243,0.018867724604028746,2.892791898234196,-1.597839258999815,0.0320335200607072,1.8019443428758675,-2.044885406811957,2.167221636999582,1.8387860458124854,1.8701823270863243,2.140176311017994,2.365275918522037,1.4292883240164427,0.6577156239493133,0.7878098248280585,0.7274129422293696,2.524372030008708,1.5622626269054898,0.28554817474993055,-0.17075254181804309,1.4609296144499104,0.7580018256613147,0.9749536075963994,0.38191984619614633,-2.1648636274378728,-1.6814189552808827,-0.32444284226202524,-0.32444284226370473,0.01622262690879134
2005-08-02,-0.05853235532619293,-1.1843198620868298,0.07804800732833524,0.0005431130304347679,-0.5626674219414954,-0.49389821243718796,-0.26916792352834884,-1.5181997951413073,1.78112620663365,0.2507107794969134,0.15469990748962167,-1.7032513016759243,0.018867724604028746,2.892791898234196,-1.597839258999815,0.0320335200607072,1.8019443428758675,-2.044885406811957,2.167221636999582,1.8387860458124854,1.8701823270863243,2.140176311017994,2.365275918522037,1.4292883240164427,0.6577156239493133,0.7878098248280585,0.7274129422293696,2.524372030008708,1.5622626269054898,0.28554817474993055,-0.17075254181804309,1.4609296144499104,0.7580018256613147,0.9749536075963994,0.38191984619614633,-2.1648636274378728,-1.6814189552808827,-0.32444284226202524,-0.32444284226370473,0.01622262690879134
2005-09-13,-0.05853235532619293,-1.1843198620868298,0.07804800732833524,0.0005431130304347679,-0.5626674219414954,-0.49389821243718796,-0.26916792352834884,-1.5181997951413073,1.78112620663365,0.2507107794969134,0.15469990748962167,-1.7032513016759243,0.018867724604028746,2.892791898234196,-1.597839258999815,0.0320335200607072,1.8019443428758675,-2.044885406811957,2.167221636999582,1.8387860458124854,1.8701823270863243,2.140176311017994,2.365275918522037,1.4292883240164427,0.6577156239493133,0.7878098248280585,0.7274129422293696,2.524372030008708,1.5622626269054898,0.28554817474993055,-0.17075254181804309,1.4609296144499104,0.7580018256613147,0.9749536075963994,0.38191984619614633,-2.1648636274378728,-1.6814189552808827,-0.32444284226202524,-0.32444284226370473,0.01622262690879134
2005-10-25,-0.05853235532619293,-1.1843198620868298,0.07804800732833524,0.0005431130304347679,-0.5626674219414954,-0.49389821243718796,-0.26916792352834884,-1.5181997951413073,1.78112620663365,0.2507107794969134,0.15469990748962167,-1.7032513016759243,0.018867724604028746,2.892791898234196,-1.597839258999815,0.0320335200607072,1.8019443428758675,-2.044885406811957,2.167221636999582,1.8387860458124854,1.8701823270863243,2.140176311017994,2.365275918522037,1.4292883240164427,0.6577156239493133,0.7878098248280585,0.7274129422293696,2.524372030008708,1.5622626269054898,0.28554817474993055,-0.17075254181804309,1.4609296144499104,0.7580018256613147,0.9749536075963994,0.38191984619614633,-2.1648636274378728,-1.6814189552808827,-0.32444284226202524,-0.32444284226370473,0.01622262690879134
2005-12-06,-1.4084908848083961,1.0292467617406849,-1.0602129057290506,-2.6374840046816344,-0.9129389365780802,1.737171581768732,1.4407378843307197,-1.4526434386016243,0.9415588375416488,2.181375704291354,-1.4075549774824807,-0.04845739336314328,1.177049067801442,1.6018634966905632,2.258391381282994,0.05469150851381634,1.5798587022082362,-0.8849863044112746,0.5590694041753927,-0.15119183899345356,0.6739426104202156,0.22101048252240155,1.3265568192659445,0.321481624902606,-0.7883759432458538,-0.6960411593627679,1.3097082208467503,1.4799357665275146,1.2267812480363771,2.2882455498123644,2.556268081865511,-0.0674557865054832,0.9592128838456546,1.7812831419406603,0.3350082843282512,0.3580805432761309,1.2415588230602475,3.0,3.0,1.475584388374709
2006-01-24,-1.4269709505441575,-0.18994388347150612,-1.7938863568950876,0.8430914738507046,-1.8502960162292978,0.6251354823483225,1.506589666650509,-2.6548932464059734,1.112701139239679,1.1534395533086559,-2.5375301431107804,-0.4709935219312901,0.5778893137319927,1.7402485975382065,1.2327684575082343,-0.0726819093831811,1.4587564537738535,0.703667825223139,1.6516450942622511,1.1490286801439706,1.490373900582421,1.0001935183556045,2.209010967164702,1.6455184210801428,0.13772760394919617,-0.7721406658028763,-0.01803215078406393,0.3424882271695333,0.41596875131118416,-0.4061455188372678,-0.7066300065046359,0.592292030399006,0.07050280602514034,0.31774807840322566,0.5226896971183153,1.0418803170418407,0.44439350280300693,2.0354009784033242,2.0354009784264666,2.010495469105966
2006-03-20,-0.8281490210991185,-1.194297879740667,-1.185293048854174,0.38627007350697434,-1.424857466084764,1.1499042317241575,1.4719912900978225,-1.6696670252732706,1.0373144288872662,1.9723175103006003,-1.5774755495633856,-1.4025626096730686,1.4534034655696988,1.1312123307910482,1.910058196027522,0.6825611359521352,0.932456454257797,-0.4291935413804543,2.2997545584412156,0.5560504943076733,2.0643209347711955,2.2274787395313904,2.2111456944151096,1.0091314524503552,0.3981806771463372,-0.6868703739915374,-0.1313564414467175,0.17788761264404993,-0.023897540516409035,-1.7273672490508736,-2.1115317143234775,0.6292314540199009,0.5155826623189687,1.9288288818139159,2.2222568130909934,-1.041926408567773,0.3666633361592623,2.6264222512122526,2.626422251225384,1.2018859506613633
2006-05-03,1.1335180388106059,-2.2229101450955233,0.0160411414854563,-1.2035711446131523,-0.5806189960780197,1.7541083555435688,1.528582963939777,-1.8868311361718533,2.3037992363327398,0.925376657062903,-0.16132524326931158,-2.386605722462998,2.541317640623164,0.5245788763087446,2.6779116312446356,0.7127851016486079,-0.06483888504556741,-0.28412910069010505,1.8693262626610432,-1.6557717111444106,2.0964675481226247,2.6824995864757235,1.807294598864996,-1.5408538987521851,2.3507892601476197,0.9387619891445511,1.8594127839216819,1.621587532500265,3.0,0.9512606858043999,0.65961770750858,2.6501261071697355,1.9479179007603815,2.690250916780951,2.2113519679353733,0.7198794034833031,0.23950246025718017,1.5386436372429202,1.538643637247135,1.6915562496976897
2006-06-21,-1.0234009576114598,-0.7917269911344175,0.013166532514442114,-0.7560078406537596,-0.2402973541311402,1.6364657305626522,1.1870309144911593,-1.2286315364362719,1.7664583577823123,1.496025288358427,-0.19693097232440818,-0.1178051877486561,1.7461731434990417,0.2157196974684544,2.4539247843484,-0.27372908673430013,-1.062284453804634,1.200782583425982,0.607288587524761,-1.374029657612981,1.1690277933926936,1.04542361200886,1.3768407720096298,-0.7066777934765098,0.3771271963182239,-0.12046202093784633,1.4097030415910636,1.301752921815835,2.6337503102245856,0.42777453781424996,0.1784880755712067,1.089814302763851,1.6010087162381874,1.5791565801295202,1.439577778572056,0.8601945064493698,1.2730188457672083,2.193339521150418,2.1933395211555866,1.4176794581905472
2006-08-01,-0.05749867409566743,-0.4133881152625888,-2.487527760458995,-1.3783490205758686,-2.08275459170838,1.3623495363683196,1.6355122828299398,-0.21023533249143042,2.3095193845525794,0.6830853732876557,-1.8806476020564995,0.4860200820277255,0.6730027444318956,-2.4923801202410556,2.2537880503283625,0.5431509573588649,-0.2599503099884642,0.8109991026920043,1.4235051705659036,1.221743190543306,1.6513140200228058,1.3304773160037608,2.5856131179942703,2.1250565017450023,2.6653849845396813,1.808142164917725,0.36903178350268556,-1.1299254697492187,2.0330819314208286,0.6145680786448815,0.5552339484049577,-0.6800830763316815,0.22422148988178084,1.1245391311278548,0.6470705729367422,-1.0899351090697291,0.7956300168816395,1.552715104944388,1.5527151049476184,2.07907606922798
2006-09-13,-0.49158888881262996,0.023742231561559874,-2.199811138470949,-2.3933868864296985,-2.2083057509907027,-0.031022538898350403,1.2334391995659406,-2.527603010456487,1.0069162270442147,1.7411314440586447,-1.2587865120332946,0.5185801206735866,-0.36486805201707023,-1.5410529556194394,1.3987809014860066,-1.8133961279445239,-0.25907489246348936,-1.023200000519625,2.616724401977816,2.4387505185416667,2.1717128339760206,1.742500919478333,2.3928434054176666,2.6384935818376385,-1.4239543953748939,-0.629183299593593,-0.7891699183080532,-0.8674108426149866,0.9592856519758265,0.06690517851709166,0.1863578988353921,-1.3869947113652967,-1.0465368031965019,0.8002963797596614,-0.11512282690579634,-3.0,-0.7801484796773497,1.78708796217692,1.7870879621793714,0.9365482138569131
2006-10-17,-0.6091707959298637,0.7373701061649258,-1.1847237150533958,-0.8701801324177406,-1.1780631348380457,-0.8030701479110702,0.833349140131407,-2.3734980141107953,0.1812533600440362,2.1957700109214966,-1.6738552663878126,-0.5160537399660149,-0.5790900129956481,0.515984453716389,1.335380413585883,-1.3673519519150072,2.6753864513012986,-0.741234805153475,2.3760022224553663,1.7870828454762926,2.207559385349334,2.0161402631132286,1.8826723618541967,1.7812515930395436,0.5011952079210029,-0.6884801616730534,-1.3000164503671243,-1.6797296635100472,0.3763828150989922,-0.7344692564634988,-0.594196076692511,-0.1910390380264421,-1.395561122875468,0.7672979188128791,-0.27447961348693334,-2.403772952573118,-1.9641812984470621,2.2247461724558395,2.2247461724583477,0.8468612772490651
2006-12-05,-0.6463600753674095,-0.639396898479002,-1.5769354288073478,-1.3395620204665941,-1.6522895512327525,-2.1397571449580055,0.5150105574905779,-1.734376383967763,1.0056412544361424,2.4236686998538115,-1.7014251347902911,-0.6392960844382247,-2.1581615296829972,0.6420442281496533,0.34031655951283846,0.3757932829048608,1.646500692666485,-0.7890641833941244,2.3012397290656126,2.204439813921481,2.031839369947269,2.2912900475128226,2.068102979057665,2.1541639364519916,-0.8314030418693212,-1.2976068723134837,-2.122289961235312,-1.2044166321573513,-0.16746435859244188,-1.9469385885195525,-1.8302166229437318,-1.3616141752627413,-2.1133843431499284,2.9169844504135694,-0.5577420473606051,-0.8525059847130665,-1.9375616661666986,1.4284066932813417,1.4284066932825314,1.2863418043714256
2007-01-23,-1.1035100921732302,-2.24511380066091,-0.257584939511627,0.5712072061271791,-0.5782568766223074,-0.9717609905725911,0.6026329972164514,0.4358366039672214,1.0971689650715166,1.355179827868591,-0.5819814259951915,-2.851570278679843,-0.05224440725529826,2.2118585878433263,0.07947296024451818,-0.2886725697091259,2.0730913909523685,-1.0463830681249136,1.828177391530708,1.0422014705436844,1.7498409110317392,2.2135150572794124,1.3703575216659305,1.0075092465397237,-0.39520396535359836,-0.7167777931125832,-0.09892622653945071,0.9956803253779939,-0.1953138236219385,0.27934720479934333,0.4543107237346433,0.4159687568805849,-0.17648901961891356,-0.43926381770047335,1.293412725336202,-0.5585879463981579,-1.2696005381391002,1.49590093681541,1.495900936816274,1.347564431842138
2007-03-13,1.2564679683940643,0.8415363647743469,-1.4309357064744375,-0.0038831803751737596,-1.0218440321472908,-1.126058500243634,0.07110903888997622,-1.153907646992302,2.4558998856392544,1.9099607861430081,-1.654559125134732,-0.6516487686671016,-1.4588520239208589,1.3997209403867454,-1.0707853019226001,-0.8772153383334458,1.3107491131126945,2.888000653014206,1.528056662198522,1.7002996060840463,1.2841149614777754,1.5372674129395505,1.8877284893077426,1.7703873071571343,-0.7553999874763673,-0.5036269705902214,-0.5110393923975575,1.3982187087754023,0.36192851441348295,0.5193271956394596,0.8648370801109012,-0.7854612909765704,-0.7496841074657562,3.0,0.5041459783190739,0.10863599224957514,-0.44102538275881625,1.100611620842589,1.1006116208433092,0.9330019893583368
2007-05-02,1.2081850022327887,0.08613265689523275,0.12519600749616497,-2.953125055971906,0.1589649478324065,-0.8931063072482263,-1.2544341035720106,-1.0543263327279808,2.331410547422448,1.0580468834705123,0.9839756818572876,-0.9577717949351655,-0.2539847188636682,-0.7085958721787294,-3.0,1.4776105789502583,-0.907408260935848,0.6332402292382024,1.5738550143202148,1.4711758592581041,1.4284216318706644,1.5331732509384934,1.722512440401647,1.5392400088820999,-0.9333934236186432,1.2524973930582415,0.6478283183479698,-0.9410231457599062,-2.6165150267201507,1.1313317952930992,1.3302822388777629,-1.1687657841477874,0.49193845440325207,2.6353005713958595,2.643909572433281,0.1624506014962195,-0.25403918153354516,1.426935379866217,1.4269353798669964,2.1924506015033525
2007-06-20,3.0,-1.1725080114065582,2.6460976788958206,-2.4235074646552377,2.3291984807941013,3.0,0.7009338125911493,1.637679450834994,1.5877930402110032,1.4815313898108193,2.9309905613106815,-0.961107838132601,2.819118385220842,-0.9755038110483142,-2.317455632680779,-0.665388458117705,-1.1501515535875813,1.2683490215793156,0.989412825531098,-0.44023407469788883,1.1171203229572602,1.1808212273591339,1.338290791261856,-0.3105038574170539,0.41609153662319387,1.862561264564589,2.110863112454526,-0.7453559924999303,-2.124725689876678,1.7945718019744203,1.6450438591584118,-0.4667212275000501,2.1227215216836854,1.5811860929659942,2.3489656838516324,0.13717869625943135,2.9201584858113208,2.200000000000401,2.200000000001611,1.6228412619821941
2007-07-31,2.0352148922158646,3.0,-0.05769563873945519,-0.35460496004727154,1.1115455184865413,1.859691111885224,0.9087803106151031,1.8218435794281431,1.3357036205330655,0.6363243404566558,0.14549340594125076,3.0,0.08048996077882326,-0.8968413261398976,-1.7441921458987841,0.8788294845867707,-0.14241888599557068,3.0,-1.3079486704895464,0.14093452024243225,-2.6180449817130813,-1.1016863825636083,1.8733026775765944,1.5925573153790344,-0.1893248937355121,1.272292850325695,1.192973156349926,-0.2525460899698412,-1.6740080675921742,0.11526448011289712,-0.14062825509935006,0.3669725846149469,1.4264035607065886,0.8722589466043161,1.451677256292053,-2.0406543997662467,3.0,1.5216181681032614,1.5216181681037286,2.343071623676614
2007-09-11,1.9909454557854478,2.725015249949503,-1.2343600174273215,-2.6307756192661316,0.6862767722418419,0.39913187572944087,-1.2455010423557504,1.5119522921013013,1.5716757650493423,1.734129889026892,0.9496087035005855,2.542929451792345,-2.0947301646474124,-0.7691299890230243,-1.289704532172521,-1.5023557588265184,-0.14964404762352473,1.927201840710204,-0.7207315326498578,2.004602855913944,-1.9721701428793017,-1.2077404177721556,1.945438698915681,2.7747050550610175,1.1993492919191426,-0.6007136908490738,-1.706365657652933,-0.36468801073473867,-0.9408942583546602,-1.6221147288795457,-1.0523054687585842,1.4058621987924378,-1.5652671643661584,1.2018086687348337,0.19454319043839544,3.0,2.367269380827914,1.1619394156283689,1.1619394156285685,1.2978237195808784
2007-10-23,1.8729971006839472,1.2077995381541655,0.614768317501919,-1.048413454063976,1.198165241449712,0.018042037720466992,-2.332720736528416,1.1464550746955036,1.6192870529647951,0.9645478185968509,0.8371719145113338,1.3603880548381875,-1.5837951314757543,-0.9877861526669414,-0.8738049396844988,0.023843020589518926,2.348969059758832,0.6878104178596125,0.8541520460755192,3.0,-0.027678488109813486,0.05455082680890448,2.2973748636964206,2.6711898308830766,0.7877508249090673,-0.7837448443560734,-0.8194929299600932,1.559005406541127,-0.19469189702221312,-1.92672983581053,-1.865697652949281,1.6172250723310007,-0.43712241421480447,1.7264565873837767,0.13818169938433392,2.7514405550841428,1.1067535715490344,0.860782880971863,0.8607828809719152,1.530673885370273
2007-12-04,2.319248063700627,2.7988240064046725,-1.1555654033246656,-1.7595845147693026,1.4034965814172102,-1.5146316222746363,-1.7860053042745796,3.0,2.319396589898422,2.185645278458281,1.3268471736666732,2.2012432742483576,-2.60459747058098,-1.0808902055456975,0.43192059213192746,1.1458083025331494,1.6310052033304423,0.9482329781965888,-0.6420191389995497,2.1817838224271884,-1.431733500348737,-1.427835687570872,2.203495617367881,2.557310070686592,0.07182814157448267,1.0368713386651587,-3.0,1.559005406541127,1.1728490145067778,-1.6604722187935856,-0.6322414725243344,0.07090911051750796,-3.0,2.692869873099254,-0.19756833158428772,2.1287367507182706,1.7813852753885606,0.6695340634120636,0.6695340634119985,2.057773660863433
2008-01-22,2.504837731297527,2.5675479309672635,0.4983986687599477,-1.0408760214806685,2.5390647810686615,-2.7507489144597734,-2.6443673122968274,1.7272194531157676,1.75121029071411,1.4475110121668564,1.7804475495881997,2.4397024124264024,-2.4764904183605765,-2.4555995640451895,1.3796881571695523,0.08029989260973294,2.561648543868245,2.2057741912410878,-2.02200234252595,2.2578818484011163,-3.0,-2.6970245724857977,2.5396684459719046,2.105446590756381,0.418596549087171,0.807642426982821,-1.5420979990443124,-0.3300634658949036,0.7445592571058429,-1.2896254280180262,-0.7185392255007755,1.2749051842512251,-1.519810999219152,1.1359512910178835,-1.378570642849444,1.556806831819027,2.4584547293543326,0.36061730830531735,0.3606173083050862,1.3367309413972381
2008-03-11,2.504837731297527,2.5675479309672635,0.4983986687599477,-1.0408760214806685,2.5390647810686615,-2.7507489144597734,-2.6443673122968274,1.7272194531157676,1.75121029071411,1.4475110121668564,1.7804475495881997,2.4397024124264024,-2.4764904183605765,-2.4555995640451895,1.3796881571695523,0.08029989260973294,2.561648543868245,2.2057741912410878,-2.02200234252595,2.2578818484011163,-3.0,-2.6970245724857977,2.5396684459719046,2.105446590756381,0.418596549087171,0.807642426982821,-1.5420979990443124,-0.3300634658949036,0.7445592571058429,-1.2896254280180262,-0.7185392255007755,1.2749051842512251,-1.519810999219152,1.1359512910178835,-1.378570642849444,1.556806831819027,2.4584547293543326,0.36061730830531735,0.3606173083050862,1.3367309413972381
2008-04-22,2.504837731297527,2.5675479309672635,0.4983986687599477,-1.0408760214806685,2.5390647810686615,-2.7507489144597734,-2.6443673122968274,1.7272194531157676,1.75121029071411,1.4475110121668564,1.7804475495881997,2.4397024124264024,-2.4764904183605765,-2.4555995640451895,1.3796881571695523,0.08029989260973294,2.561648543868245,2.2057741912410878,-2.02200234252595,2.2578818484011163,-3.0,-2.6970245724857977,2.5396684459719046,2.105446590756381,0.418596549087171,0.807642426982821,-1.5420979990443124,-0.3300634658949036,0.7445592571058429,-1.2896254280180262,-0.7185392255007755,1.2749051842512251,-1.519810999219152,1.1359512910178835,-1.378570642849444,1.556806831819027,2.4584547293543326,0.36061730830531735,0.3606173083050862,1.3367309413972381
2008-06-17,2.504837731297527,2.5675479309672635,0.4983986687599477,-1.0408760214806685,2.5390647810686615,-2.7507489144597734,-2.6443673122968274,1.7272194531157676,1.75121029071411,1.4475110121668564,1.7804475495881997,2.4397024124264024,-2.4764904183605765,-2.4555995640451895,1.3796881571695523,0.08029989260973294,2.561648543868245,2.2057741912410878,-2.02200234252595,2.2578818484011163,-3.0,-2.6970245724857977,2.5396684459719046,2.105446590756381,0.418596549087171,0.807642426982821,-1.5420979990443124,-0.3300634658949036,0.7445592571058429,-1.2896254280180262,-0.7185392255007755,1.2749051842512251,-1.519810999219152,1.1359512910178835,-1.378570642849444,1.556806831819027,2.4584547293543326,0.36061730830531735,0.3606173083050862,1.3367309413972381
2008-07-29,0.010614438492288238,0.43644524884516794,1.109408173386419,0.9939098139809514,1.0316875547232072,2.4776589331063636,-0.8524207843257514,1.8960928877778167,1.9213359799268312,0.5488217714551349,0.9282203050940491,1.097409757649961,1.049692514881369,-2.4796673585178826,1.987386054944196,1.710816250744484,2.581113166744306,-0.4180606761163369,-1.0470541335607104,-2.013202120061647,-1.0716225576832628,-0.9732873539714781,0.46011221267085134,-0.7475291950052424,1.461877667217939,1.0445127712342648,1.3492887908614097,0.07459363910469102,1.6805851978696456,1.4832322034844743,1.7238565811649798,1.047473411479972,1.3184483631689485,1.1821508067673,1.6750626080315327,1.625467415277308,1.8748830835942931,3.0,3.0,1.2077899108514365
2008-09-09,-0.5872083843280028,1.1108823236916454,0.39589003058354855,-0.0011816267396155557,0.6151226461982036,0.8531329977789173,-0.7302611943805791,1.6791357882920595,1.3223500905581305,0.7383709526955657,-0.04885715905862572,1.761299448324189,-0.9140015531053421,-1.5912027722438515,1.511842226555376,-0.6892833210452511,1.6055116286373954,0.708274768527957,-0.4587829038762697,0.2092042808696344,-0.3968321898353683,-0.7573933323617174,1.8932622962139907,1.902784176464762,0.10377163284531137,-0.3628695497788934,0.222590333931425,0.7518094115561117,0.1301042604919839,0.49575320016977287,0.6614195407930425,0.2911837006433397,0.1628580325826234,0.9377005638854027,0.3500357306925194,-0.009440318302690284,1.5204356516991169,1.750575942092513,1.7505759420909996,0.8862786282425901
2008-10-21,2.1806388201058122,3.0,2.209096438021276,0.7003464573146071,3.0,1.2443591412312704,-2.793552310357115,1.8058153006551592,0.25573158063990015,2.9207304605670767,0.8392001720358692,3.0,-0.27530178741643213,-1.7940764994755491,0.2786592265847336,0.7635958407377645,2.7562782843717017,2.494836446569411,-3.0,-3.0,-3.0,-3.0,-3.0,-2.7123521672443593,-1.299580256630994,-1.5033777381189954,-0.5047197260487665,-3.0,-1.4668160642881125,-1.4816855341612007,-1.8149140134466206,-1.6970506631647677,-0.22715296003702629,0.7655754743586451,-0.159274866780635,-1.633305535764202,3.0,1.1931848997585472,-3.0,3.0
2008-12-08,0.3419389727037899,2.106211498510605,0.7925410720658727,0.9753232715846041,1.7333842968353794,-2.6298037258901963,-2.210798327884877,2.303887612776484,-2.2341587736542463,3.0,0.43358462961484523,2.423719456369286,-3.0,-1.1586254076812412,-2.059650511121509,2.1251819570325696,1.511113855037657,1.3459769975149014,-2.165227699233764,-1.3076264626683278,-2.0566573953583873,-2.1530631569028595,-1.5127025635931102,0.24871253777357408,-2.860302673505786,-3.0,-3.0,-1.6203810884156682,-2.8277618408237277,-2.761878987300831,-2.4674506684265536,-2.3685671302353954,-3.0,-1.0991396853086122,-2.56742977571225,-2.699974647853251,2.2278518086963466,-2.0659846763534966,-2.2636402901157577,2.022789276599579
2009-01-21,0.29232711574357717,1.0506826994938692,0.10682589420316833,1.4343989804075568,0.8408318270462025,-2.3376345770186666,-1.26648928672815,2.048584478890553,-1.4316970594264387,1.966415614406612,-0.14203088309701367,0.8802815181589374,-1.5781981620684296,-2.5133638557407134,-1.9025329676159448,0.7835262758182712,1.7936487611030625,0.4651132717667773,-0.7957929752210837,-0.13679217522100054,-0.8521039117365582,-1.0226651604543162,-0.07175926304888347,0.6760256168381192,-0.19988500762323433,-1.3874860532565196,-1.7317300511025007,-0.8841120290670502,-1.5574186919929336,-1.488830643238415,-1.3651781071571127,-0.3486509176863879,-1.7807873128613214,-2.8189113830331016,-1.0589652158624057,-1.9123121248468857,0.7277130975645636,-3.0,-1.8058791349988101,1.2006169581246224
2009-03-10,0.595050147001713,0.6577506195778989,0.7257193029884851,1.1974159912595037,0.7592496471927697,-1.2092578122501536,-0.8919456847574907,2.0532666743043855,-0.8849799626082588,1.9168478763849013,0.3089207043653059,0.9917059326331993,-0.5378814483920448,-1.5998471024322896,-1.6594201473678944,0.5754349772439937,1.2603146478888974,0.09729259487544437,-0.92354805488129,-0.723595518258534,-1.0267301867663423,-1.0892020216358758,-0.6901495207476767,-2.3318597950659203,-0.4763249841036044,-1.0414411271631274,-1.1341564024782096,-0.5971508580642094,-1.4265931994147787,-1.5743379639695363,-1.658325420104457,-0.6655399008474204,-0.9535480209152191,-0.3361362284300607,-0.6675535385335042,-1.702226356102615,1.1169844613478608,-1.7727730577466163,-1.1628562616930092,0.2820227455345075
2009-04-21,0.4056611688812443,0.18622493113860353,0.5404387865470224,0.7885453661110358,0.3640226588917861,-1.3016290987375847,-0.6768711307010072,1.6166442351117174,-0.5434233034462768,1.389808408115238,0.2928465850598711,-0.062164602905060394,-0.3416533152689941,0.37238848425432336,-1.4212695440769672,0.794221648444631,1.5836603771862194,-0.6001864862028279,0.31385732503407854,0.4553330623211357,0.06850643124773192,-0.04540716759195593,0.9728195402611021,-0.017209337674319772,-0.2768985821409235,-0.07369363412755862,-0.6167989853794735,1.213815402106617,-1.3631270630730898,-0.04129310427367558,0.18293516482001318,-0.8207729886737692,-0.7862190171470838,0.5563796151545488,-0.6746228964323255,-1.1582764271951638,-0.026247721047213308,-1.65983203143407,-1.4002812507020568,0.032226059902222624
2009-06-16,1.2364808111071985,-2.9866746405702735,1.4153531157698194,0.26244601597335715,-2.0383924475282726,0.5641770924791254,-0.18208991610547323,1.392201585283622,1.1419371688921467,1.1729054664786587,1.4954207806160047,-2.203849684803507,1.1834679176923801,0.6095210882205926,-2.0476600945973784,0.7220190246704106,1.2501014592404305,-1.1257550695589442,2.39147049517894,2.275124811009774,2.5995009737901382,2.5611607452976055,2.274306573707806,0.08689580578820197,-1.4455917020268696,0.8813599858277819,1.254705887000891,1.5035072979694217,-2.1296487481595068,1.0007625655469505,0.9028240940781264,-1.5066982606652588,1.2790919540004242,1.2253087032790608,1.2837211849735217,-1.4415586702668837,-2.2496346458336856,-1.055525276976135,-1.5123430127408086,-1.6525541554165921
2009-08-04,1.1748054484540806,-2.2528792932453943,1.4975594096174507,0.3246383886392168,-2.568474728192817,0.451547715529093,-0.17898274450314092,1.1495030511332076,2.1202130454892982,0.37042816667974027,1.4897946259114148,-1.8022357150004693,1.4483829079535298,-0.24723001291856278,-2.404629454726311,1.8892783659943564,1.4259367886373648,-1.4706637829217564,1.9732130188150199,2.2789235972937623,2.2280549191820844,2.173750431723201,1.8508976705391713,0.5827157459591505,0.3279079508703594,0.719343797378675,1.8313028131915345,0.821490435886431,-2.136165060784008,1.973820593386337,1.9105828622692635,-1.1414107721500584,1.6977649357438007,0.5993613431422719,-1.9756842164550497,-0.9661601172188533,-2.333287861154042,-0.7788517592986702,-1.1786260783489702,-0.27751810688214107
2009-09-15,0.9393805563889336,-1.52429871240783,0.6727551693357502,-1.2760376110995222,-1.844484818677231,-0.056163567681859004,-0.16743920070599966,1.2302904218752362,1.7039032734586625,0.6415309084148106,0.7802293818432385,-1.496627962375341,0.6590143789435884,-0.07524160423900529,-1.9455914253639919,-0.3779487535792624,1.1970309810978519,-1.3321167136933791,1.7825962271306006,1.9168894774076664,1.8749742719188653,1.8962998778742794,1.7045974065630671,1.5004373760257768,-0.777235087100197,-0.8411531014187015,1.1864132667219942,0.5570860145311555,-1.7886744762533393,1.5705031977859203,1.634276030367492,-1.1600386139345837,1.0085169251338875,0.5291518309234763,-1.8983358025766288,-1.0007521967887079,-1.8752660322663302,-0.5902813361007226,-0.9001132243751321,-0.5517474816836608
2009-10-27,0.7136958894775315,-1.14902914075963,0.6876703850090187,-1.615375300907292,-1.2148770772544448,-0.3021577338548252,-1.760113998971563,1.4047916587012137,1.5360606432878403,-0.43755015442137196,0.7463377500418029,-1.2634967813477407,0.5238871715277577,0.6271671507291852,-1.531372504604857,1.6373162384074156,1.4777966481330223,-0.8178578910804585,1.5401372945529972,1.4638336143364097,1.6185069742060472,1.581615941829717,1.40663394963946,1.336826947709988,-0.1083861292544833,0.6582916702129361,0.29308402180320037,1.6804651704564568,-1.1962079967577686,0.3585896381183177,0.40071008900514854,-1.996275054422546,0.2673214018707268,1.045021700883865,-1.5626341227021971,-0.38624532085594904,-1.5009975105898579,-0.42853183987069443,-0.6446929698181516,-0.6528671050810116
2009-12-08,1.2323598499572639,-0.785888919763094,0.08975469175817039,-1.6484227649829435,-0.8990351892138743,-1.539373890197122,-1.0527138542041508,1.0167084089184573,1.496035554305933,2.751941773227648,0.3828677476862717,-1.0949040126552902,-0.0463673797483316,0.3641101644058044,-1.5287151018247376,0.20653999913324192,1.2861341445630619,-0.803829433254233,1.3691942181942862,1.2866206703711167,1.2551162916007672,1.4051874352168578,1.3564790368396016,1.4032715708006172,-1.040527879286421,-1.074265371549729,-0.47734115533332994,1.5825029095963812,-1.3213501729751922,0.09226175740963237,0.3698644845714312,-1.498055582748504,-0.5727900200564956,2.4550861099143106,-0.7604365975584072,2.090761842305383,-1.2777789650722786,-0.18107149207592127,-0.4451627917820891,-0.9158794611951105
