,T10Y2Y,BAA10Y,T10YFF,TB3SMFFM,BAAFF,MORTGAGE30US,DFF,UNRATE,CPIAUCSL,WM2NS,T10Y3M,BAMLH0A0HYM2,DGS10,MSPUS,CORESTICKM159SFRBATL,WM1NS,GFDEGDQ188S,VIXCLS,BAMLHYH0A0HYM2TRIV,BAMLCC0A0CMTRIV,BAMLHE00EHYITRIV,BAMLHYH0A3CMTRIV,BAMLCC1A013YTRIV,BAMLCC0A1AAATRIV,MEDCPIM158SFRBCLE,MICH,EXPINF10YR,DPCCRV1Q225SBEA,PCETRIM12M159SFRBDAL,EXPINF2YR,EXPINF1YR,STICKCPIM157SFRBATL,EXPINF30YR,CPALTT01ZAM657N,LRUN64TTZAQ156S,QZAR368BIS,NGDPRSAXDCZAQ,IR3TIB01ZAM156N,IRLTLT01ZAM156N
2001-03-13,1.687631398114843,1.2866676476140086,0.6214979031803293,-2.0337531711750008,1.5059816633666558,-1.5335678705558855,-1.8880687568133567,1.989974874213251,1.5781422466387178,2.344013915004083,2.019463152919257,0.18379468583875933,-1.6402341564578495,-0.4315144665365701,0.8998270940268974,-0.23157471908240967,0.9659251526736623,1.2023543124702207,1.4091929111155137,1.9572121056684533,-0.22825414902844332,0.02806932726009747,1.931197562736915,1.79515373737506,-0.2766769956646349,-0.7404399222181368,-1.860191398848067,1.5801076974017623,0.8057690033325249,-2.530939964554069,-2.9898471205729074,0.2951943942830423,-1.7366354166801512,0.4313580742240532,1.5966514255302813,-1.5279761037781046,1.2638482549967756,-0.2961882270118518,-2.022117129296348
2001-05-08,2.140350673033949,0.12921392059423717,2.675687258818263,0.24474840392236966,2.3919867371769463,-0.6129784462632116,-2.190280946589314,1.0591580985154994,2.0129300931293597,1.3265261316293508,2.44643779911948,-0.08356939233900308,-0.3195407970554093,2.1097817798703002,1.8072415139023201,0.04718552898328119,-1.307298837880407,-0.19208371396463889,0.7058576417696244,1.4665165490778573,-0.7812466258717585,-0.4175344710853153,1.7478631085215335,1.2977924480283412,0.9232677867346679,1.741293259955955,0.012311051315526752,-1.6195115223233552,1.5555815541591231,-0.33177255634586567,-0.27043184789320934,0.43086298802326817,0.11829938569690736,-0.3661031016165091,0.9920947376656659,-0.597922582482508,1.454656737759085,2.6736709355141044,-1.1600524237594347
2001-06-19,1.6500993184819281,-0.19263122034658947,1.8281921818418716,0.8488277600006241,1.7930828632712374,-0.3702344833323002,-1.7772413836946759,1.5965854616314843,1.6781628019240977,1.4480285505130868,1.5963285904390845,0.33915653043002125,-0.07730181826450475,1.3929499853782061,2.2622651949494705,1.0334911018459036,-0.9707215018643087,-1.021621620068794,-0.05311685876345054,1.4766751352445318,-2.33843025438092,-0.6684717955537738,1.6851616802853144,1.3017874237831066,0.7380275279804573,0.18869938955846144,0.6895657126727625,-1.2355235635673185,2.1595078833362313,0.04601798708412502,0.008748889622957988,2.8409307737367304,0.852896907555739,-0.0633768945965541,0.7008025830110839,-0.3430380044894248,1.2194505956993509,-2.110772292435015,-1.5965341643823483
2001-08-14,1.0556083359025266,0.7934948924347357,0.9262248246726015,1.5448233649489416,1.0748061815340886,-0.7478561258742523,-1.2232286103939054,2.4284952169184377,0.9692901741623234,1.5524547359843222,0.8252418013922094,-0.25766291044098555,-1.1255298629240185,-0.35819019244953637,1.6566745952183595,0.5993145563628426,0.42842027489545764,-1.1385260669156978,0.6129172051991497,1.9671938330804646,-1.4557147853089913,0.2781884909738147,1.8174713929627546,1.9705912941491746,1.1491787180912818,-1.0914325434696532,-0.03430573679827439,-1.4055611874198521,1.2910730769818248,-0.32304353268388,-0.2661251088305617,1.7373172202367109,0.041786507084008266,-1.613742602066175,1.8357845132500745,1.2586613367371466,1.25295159698408,-2.3839857945313376,-1.7589642247865758
2001-09-25,2.3824262586791014,3.0,1.0116403514441286,0.625440792626062,1.6792555256733406,-2.2630231220195474,-1.4737860762501709,1.8868888770871142,1.4976446566731259,1.7485553775431777,1.6206996400747662,3.0,-1.7826147340254168,-0.3979892139154378,1.871320588162195,1.8915848972715679,0.37177887016772565,2.3830487610111537,-3.0,1.44003398697514,-2.029339275186968,-3.0,2.0081617722202534,1.9226066100183146,-0.8757821294140081,-0.4411810509517712,0.5526430316725233,-1.0123365623453024,-0.9573701074080211,1.635295082225887,2.024522421517515,0.08092216910084,0.3847492801006605,-0.1772049542873452,1.3893280959296146,1.308570881034718,1.0514232125322482,-1.6849994637716614,-1.2292587450101788
2001-10-30,2.009998602358847,1.7025510653606222,0.9820320720795048,0.8257504110414667,1.3405808476089724,-2.0228358083240283,-1.5560964447950008,1.9126658089228872,0.6072731602469149,1.1453235728240712,1.3983105716470172,1.8213176361031587,-2.1007064294631816,-0.8577643614937038,1.7754638325154064,1.1499891955025316,1.8751759978348688,1.368706191719345,-1.164444829244789,1.9888331687685932,-1.1550650048342896,-1.6883464290143078,1.9289972551453944,2.376803822000903,1.7268873135213805,-2.6458358082435827,-1.284000455035547,0.6604202826873157,-1.3259189510815723,-1.505796943302594,-1.1639001942316138,0.4434208240811133,-1.1574830988095557,-1.1295109523280233,1.040502103841748,1.79016714813126,2.1825690863663203,-1.715619576450287,-1.0777640969804299
2001-12-04,1.4826070273057306,0.7182888404723766,1.7546977037509928,1.400313920298488,1.6922797862821044,0.359036912851518,-1.7355370844893976,2.1222008238908083,0.003317219455267751,1.9537128105848167,2.0677223565751968,-0.055966438080421496,-0.910683103670828,-0.9579283112980964,1.55380438320022,1.8180296194462273,1.4719807633524844,-0.35261959262099907,0.6284364397087355,1.5454166763343702,-0.27517154099201463,-0.35007774643343176,1.4875340583203076,1.6622668002836498,-1.6388581422748871,-0.5709087834201969,-0.1910957948620814,1.1760249715498965,-2.883521619808771,0.02845405600317523,0.47838915939307775,-1.8696901739783405,-0.18415551349632228,1.2243565294286254,0.7844645405527007,1.3563425715773132,1.6138883434922533,-0.6228549910832036,0.8260486968483541
2002-01-22,1.172774870017486,-0.41827783429904836,1.3435388624322693,1.5853481998291994,1.0843312500957905,-0.4849281813340507,-1.2241996310252472,1.3363630925562267,0.5474984584055127,1.2502732946038835,1.426536407139333,-0.32338954754570814,-0.0694175947969664,2.7611371163549743,1.0375451288692006,0.6950017215087048,0.9422028391000697,-0.30119137807792445,0.7626868646384944,1.3471736296400023,0.25570566460047106,0.11249846132384558,1.365831782315435,1.3115150876738566,-0.7503851253863276,-0.23069332276655613,0.7687568995665354,-0.6089227825853921,-2.2223600282092546,-0.5373609386149192,-0.9902612656532433,-0.7350041810298065,1.0452398543749637,2.739390761086703,2.1946455431259895,1.0284586236960287,2.431198305347652,0.15935970340273276,1.3494082443170021
2002-03-12,0.17943627221168065,-1.0067842564546483,1.4683472212335005,1.9682980680541275,1.190050800927861,-0.07812889249307967,-0.9999460657542182,0.9676085956766411,2.693066115517881,1.562996767169459,1.2651513905584255,-1.716255540405319,1.5561295760686966,1.6075001254194894,0.14596643770410384,0.10262653157601075,0.6736308893164141,-1.1070554046350796,0.9231720499301931,0.21788349421386197,-0.5191745551757508,0.15766481380268235,0.6360418600467114,0.3517642311389654,-0.4661416360744942,0.9547113761015871,0.3143449869187541,-0.46136847706423445,-1.4524034676854398,-1.037821233464167,-1.3706032310472007,-2.2914061355836663,0.6044370926856719,0.8128915231614758,1.6124515496594745,0.8386474239981467,1.4451890008536845,2.2641934621218023,2.4027688587875438
2002-04-30,0.2942641153048043,-0.8057634412124233,0.6172609024299633,0.7471214035115994,0.46204799052828416,-0.0038250039979415614,-0.5044062474609992,1.2484400331602123,2.2471147808093397,0.45019498512178646,0.6627072754077868,-1.6414193344069559,0.6213012100451769,0.9192325985096922,-0.3637586267691146,1.0099973490694378,1.5520379836268006,-0.520777667146474,1.6042901106271399,0.7841054952731017,-0.06455854936634434,1.4439612479587658,1.3049644763455412,1.5745316529956885,-0.7925409577045586,1.0241007897243644,1.763077437632782,1.534063093125783,-1.2792354496501614,1.0089128200239108,0.49805766166900545,-0.4688849621667467,1.7681838064737494,1.421497176722465,1.0571882797417038,0.06143442512755926,1.9598771799046855,2.1851819434518056,1.2789557734327095
2002-06-18,0.6590478416710577,0.3205792946418751,0.050154004631832665,0.34604948614645836,0.2424855655811955,-0.8153592979348272,-0.6093837018828261,0.7323144127881671,1.5626768760868386,1.4367563276175472,-0.14307523899697383,-0.15931165707308836,-0.4774076421927159,0.6044889484391002,-3.0,-0.10039373624874696,1.4873881370282787,0.29021002525914497,0.1530840730815382,2.6829799681363458,-0.8974267000024237,-1.5198101285957906,2.905529986928609,2.7938575284369436,-0.8486933793103955,0.8708165523861089,0.21505735337886533,1.0830359094758653,-1.7815913633787819,0.03149177821662132,-0.02856552659497829,-1.6055631036775746,0.2393084728375314,-0.0858197613710036,0.7071067811864237,-1.3632047730303227,1.3142957938083224,1.8469376390701173,-0.0840133990089302
2002-08-06,2.801578409260409,2.258004175174671,-2.292897990481867,-1.3211608688308085,-1.636400594474609,-1.996606403601081,-0.17689173522229124,-0.7514691493019237,1.826766069598583,2.557983761259365,-2.3529002091183107,2.294543370476844,-2.512670227399311,-0.9688920973622284,-2.362546723924272,-0.6963122067678329,1.759071755056484,3.0,-2.781631397422281,1.0250792531968311,-2.351550428758345,-2.523514754954087,1.750406394623801,2.36784772858561,-1.1256471331642237,0.47307654219342693,-3.0,0.6993617365452747,-1.4623531209469218,-2.1975207268028623,-1.0586016738689221,-0.27431703714898686,-2.9553998825408407,-1.2284522227654253,-1.197598476103995,-2.2630842386920156,1.6441983358054233,1.2396671647115631,-1.4069731813009452
2002-09-17,-0.8353952419818328,2.3138981197517396,-2.432486685513502,-1.4657550237183228,-2.2220534692797185,-1.8822385492762523,-0.5061141013081437,-0.8729291363245073,1.5819781246886053,2.315986007838344,-2.7153802252369856,1.317021469735927,-2.5093479860299253,-1.4797147599635578,-2.0650919145856546,-1.1375538495900666,1.2059502398483288,1.8727079622862257,-0.9842497814680898,3.0,-1.102836257220686,-1.5282001750117824,2.1033153005894407,2.390844428498904,0.2419504166753657,-0.11306655345946526,-2.4445244257464105,0.5782953008020912,-0.5231216362385682,-2.046205641351619,-1.2151911008393796,-1.467972636122133,-2.4681469494982107,-0.48877221350484334,-1.4935759876107795,-1.4266418391091735,1.2520532509535627,1.5935572504269542,-0.7403217012804943
2002-10-30,2.12549036740243,2.009680520972602,-1.2153732447089456,-1.6467654627676598,-0.02403400244041008,-0.7555482577261922,-0.5486025415220457,-0.8729291363244944,1.535719659446205,1.4834949331878402,-1.0006817508471855,1.4738905694322373,-1.2715116193137725,1.1535626842435867,-1.6770655152913811,1.6836305295323346,2.2924834960063296,0.45285288598797546,-1.2221177872794728,1.2442453658066885,-0.7188843560506953,-1.2532512250373349,1.5331368859481669,1.379750371473311,-0.8296511870790814,-0.8564858872844368,-1.7035914606769862,-1.3086471840785063,-0.14996318973154169,-1.5449512766582123,-1.0933961451906453,0.23093646826326847,-1.7128429211212743,0.9711794796074351,-1.0405021038414652,-1.787788949426842,1.5552497904342841,1.6273755050897765,-0.7405805112761754
2002-12-03,1.2240714718997243,0.24873856655559656,0.32232781434427404,0.5909632039017247,0.965362022738233,-0.9270416000862107,-2.8701228335121787,2.6675536106524955,1.8745877679295033,2.261996484919795,0.2646186640068947,-0.17323275918714395,-0.5384705601932704,1.0746717528061935,-1.7356024671634112,3.0,1.6345281583509186,-0.06261799333514664,0.25371457578663054,1.6515182263152506,0.8516029904415175,-0.006749731777365054,1.833991600484795,1.0973269600009463,2.4105858398621045,-0.8384479333424124,-0.6226843042065472,-1.5599120536660167,0.5317828668316162,-0.9616937655659185,-1.3008849143879504,-0.5672239015836559,-0.5746796346026835,-2.1536550199909374,-0.7910792954012497,-1.3509454793933624,1.30146055868403,1.0621212213065474,-1.9498376490537952
2003-01-21,1.81801969695003,-0.2552377218149492,-0.020106652800163518,0.40745834557737365,-0.30231159134447505,-1.061182850789559,-1.196684471000503,-8.98944611811055e-15,1.9348124052514961,1.3988043939428079,0.1399730056828933,-1.0253547174940583,-0.662031107153297,0.21955565419539855,-1.2588472185933395,0.6664857105274298,0.9794055978104423,-0.4279806893565096,1.4160186991634913,1.9561107124266297,2.2042615929650062,1.5796358915520847,2.09012403518006,1.4250710155476443,-0.7256525265476592,-0.5448831539818599,-0.6568274616911928,-1.5274063041999961,0.6439241524054022,-0.5545487547825467,-0.39243329755957407,0.13449225889096714,-0.6682836509656916,-0.20918059436055847,2.8598827890810896,0.6166198083933587,1.6057743576341894,0.929269135607037,-1.9958004777796794
2003-03-11,0.5848563433947713,-0.6484864308031578,-0.6258396295672598,-0.5633549517992322,-1.3507866117128526,-2.0293861285995654,-1.1382834002916873,0.808128517970386,2.0106753538592343,1.8718579258866685,-0.5776808680361133,-1.230787517722895,-1.7274006288219008,0.26175261850808834,-1.5883832975717855,0.2780651245195715,0.6575857606922441,0.37912626335324723,1.9143307890466899,2.0168926163847933,1.4503148278366986,2.005331824373661,1.8414312421875452,2.0485792188042917,-2.819445916343801,3.0,-1.3581379546922923,-1.032201689047898,-1.7386440770338707,-1.4507560743005632,-1.5135577427698172,-2.5626008169722976,-1.3441843519659595,-0.405474229164815,1.628549634811017,1.1405521747189635,1.3000785243222954,1.3069994953127306,-1.5413636941644338
2003-04-29,1.100773869305112,-2.15971624900794,0.45367769427813814,-0.6367547681790365,-1.7148571586790964,-1.1387947558508587,-0.5708118744800118,1.289425613001482,0.8660838991818823,1.1696344751951384,0.647868118073017,-2.1434120902066174,-0.04057226759571265,1.1239291425309428,-1.8518779460692834,1.8814310276729485,1.9600353193765643,-2.0588041510947788,2.2563588757559394,1.787732546894383,1.7967146429963758,2.359728729115483,1.664905555188369,1.7123259214420754,-1.9821940562349787,-0.8338149271191573,-0.9822752283706533,0.14245788799055212,-2.4868355110504274,-0.7708987181374181,-0.43357166825400123,-2.0842733589078524,-1.0014137727750525,-0.8505479382198844,1.0656421633638666,2.3802978751955415,1.536214887938695,1.0765310810014972,-1.0742384074181992
2003-06-17,-1.5376253719010546,-1.1733648108472552,-1.9327629610619332,-2.779495724772453,-2.057458204842612,-2.511808604562351,-0.41557332067162095,2.482137721205496,0.5061854900386569,2.11126065201602,-1.3697851036055915,-1.653192839433867,-2.361637183163538,1.0803010431966464,-1.8591885485340853,1.3296674772943162,1.5033187098453837,-1.4920725450266445,1.9134316809455871,2.009681209582514,1.8466424023932153,1.9279745923383034,1.7028651438379168,2.090764783451923,-0.7929623826526738,-1.2716801016371824,-2.0358535565930627,1.1253408377935994,-2.023040461172698,0.3705327690187214,2.5630076702520075,-1.4448939405478338,-2.1722473721517077,-1.2171787406198693,0.7134297694433892,1.390321546412354,1.2248202664043075,-3.0,-1.847948893959519
2003-08-05,2.208504360334415,-1.5249557021039006,3.0,0.6950424550117723,1.3222382231539413,1.485648660732616,-3.0,0.4902870425901894,2.0496055155007773,2.2214312150051683,2.9901754287935556,-1.491921865459832,2.174902492764024,0.898533212989475,-1.6446613056064696,1.736864149252452,0.5455696642876058,-0.4720724484817906,0.9933713733198957,-0.015491867436096082,1.267266479751038,1.2457631955798705,0.835118244741815,-0.41856583453027735,0.7710190739263867,0.3106638866607093,1.2610981998476098,1.9057431501148876,-0.8946544832078264,0.18800404282254127,-0.6402231750743326,-0.15855820759497127,1.3451634403150172,0.17670033386479417,-2.0722109133672313,1.9171163003802105,1.645877385671614,-2.689826350195674,-0.9014035034068748
2003-09-08,1.9250531479398358,-1.619482895935212,1.6984917082993842,0.8992161606752306,0.7088916350761487,2.1393671789758426,-1.582024458107465,0.3888600073880428,2.526734733013445,1.7784303889423427,1.6993101069583256,-1.5728421000089514,1.4690262019404998,0.7722019017953897,-1.174965883594033,0.08336390522057345,0.37460988909495874,-1.063937804697661,1.3180728033159474,0.2605917633773901,1.547852331889811,1.3831510165909777,1.1495842316455496,-0.15395052890634767,0.5137899354671599,1.0135677948454644,2.1404315808242274,1.374280420305225,-1.0718133815114437,1.2460793377890775,0.12490466588085665,0.6359889714945177,2.1582829042365916,-1.9061452158887355,-1.6169135114017028,1.4346751503392188,1.3832732954695113,-2.4356779575088385,-0.63947875429417
2003-09-09,1.9025516392742348,-1.422246182955627,1.6813372557499002,0.9013901341707151,0.8391617977831972,2.115025063520892,-1.8911204570693694,0.3862372627341696,2.5086031541956446,1.7615651975568951,1.5992662068168924,-1.5733846019681972,1.342544476098398,0.7687638626877675,-1.1668525802138525,0.08702487004074923,0.36955420509551606,-0.94261026990838,1.351157292304472,0.3094002180855236,1.5545754375578076,1.4181283550124837,1.1931545353517299,-0.10849296133733573,0.5228347519016966,1.0087686949980768,2.1291847147598726,1.3627819543858861,-1.0650941268601932,1.2419071866957774,0.12427085030100118,0.6376095652440614,2.1471546326627515,-1.8849917933568812,-1.6067173016142078,1.4248519608073094,1.3808909496749295,-2.39727427507558,-0.6340913227197671
2003-10-21,0.6323338045882136,-1.6275497813994493,1.3002433557266921,0.637121054019104,0.6204909985506043,0.7967044136092546,-1.1702502926547107,-0.6267699253187636,1.4036056326172506,0.9099391847371171,1.342489547811611,-1.7104121757493245,1.1907692428551988,2.3657173152175894,-1.0029198273432016,0.5960766320616071,1.6715384003256162,-1.1857148514226574,1.569553415020252,0.4395337036079098,1.481346665536236,1.4946389934413191,1.0285994150937563,0.11995792325733841,0.6619169705882617,0.4415736503527386,-0.2540752965787493,0.9878783399072305,-1.0105542655928037,-0.7764045082510402,-0.756290843370729,1.044938921408623,-0.18156716741485154,-1.5555242244778924,-1.1180339887498727,2.314897339069337,1.9994892355006195,-2.0575864798657104,-1.9227436689164275
2003-12-02,-0.4186464528173015,-1.7044171847272755,1.0328537526079076,0.677134682313792,0.4576872268962541,0.2163964920404376,-1.0152447971871341,-2.6151260284365048,1.693088072957125,1.0364972848498888,1.007059367177015,-1.7885797491499287,0.9351745586615106,1.6718937086975054,-1.9615157830469663,1.9624748900107325,1.4224369435367743,-1.3116440835685763,1.7604411353819052,0.5818338804088431,1.4396784913146823,1.6305420830381037,0.969597393407951,0.20876694318921957,0.2454492479501179,0.6174582530281063,1.4715775449163455,0.7624928516630483,-0.762506726472139,2.1645390225353394,1.7713700337597305,0.20467355698045075,1.3604341742406534,0.4914748630350376,-0.7977240352174552,1.5376906042376186,1.4381169685242277,-1.7754503334800644,-1.3911494518349854
2004-01-20,-0.05853235532619351,-1.1843198620866935,0.07804800732833296,0.0005431130304347543,-0.5626674219414078,-0.49389821243717524,-0.2691679235288541,-1.51819979514048,1.7811262066426148,0.2507107794968657,0.15469990748962195,-1.7032513016759117,0.018867724604027525,2.892791898231596,-1.5978392590002366,0.03203352006070159,1.8019443428808175,-2.044885406812149,2.167221636999577,1.838786045812357,1.870182327086532,2.140176311018143,2.36527591851989,1.429288324012317,0.6577156239493152,0.7878098248280629,0.7274129422293402,2.524372030008779,1.5622626269045794,0.2855481747499046,-0.17075254181802138,1.4609296144498682,0.7580018256614787,1.673621493767199,0.30723922982909685,1.7456439967962418,2.764542736637677,-1.0757304359008637,-0.9670609968912915
2004-03-09,-1.9211442933780403,-0.7359041959618299,-2.231661435547006,1.5241624887262486,-2.3499875313484506,-1.1795836238495918,-0.2753922856148487,-0.47272923494818203,1.9553015461552976,2.3041472400228242,-2.6467340977610845,-0.6772872238747869,-2.3319734766460263,1.536248487272787,0.408429640748759,-0.2216713565776484,1.157648002320858,-0.5959560972357274,1.4468258938841514,2.3793705609955302,1.6822162258994589,1.220980720439954,2.2701408463808304,2.5447425723559243,1.1318266773753842,1.1192533754971885,-0.5820795690756617,1.6449566416599983,2.0194224981546474,-0.9798870138316396,-1.2219971727743948,0.3259418536354765,-0.5199131972053793,1.3259384782138717,1.644956641659951,1.2482522030013632,1.572679979916107,-0.6768233142888007,1.1521512224958828
2004-04-27,-1.5175066492222462,-1.9708603508382918,1.1950152143792587,1.0711361660584426,-0.02540263419694284,0.36792208931307385,-0.36106837354657617,-1.171001501645659,1.5679882490149304,1.4472739154521232,0.9990551517643409,-1.3521863951194144,1.1792902149012008,1.4470833278816655,1.6780872788217305,1.8105621646013978,1.2629415537249606,-1.2192832244452352,0.9810765707198037,0.35510123462603116,1.5323896316529084,0.8773293696849596,0.7494791222513042,0.28505017475110184,0.692971677043459,2.420904895861832,-1.1786718936623346,1.43064901958045,2.5465724895504622,-0.8628293786550136,-0.45731351698747014,0.6034830360604736,-1.205875206666748,0.46030877827893807,1.074172311059124,1.2580010777926396,1.985783423247492,-0.32123371984431465,1.9237822564046925
2004-06-22,-2.838105430563812,-1.3490909667616762,1.47626505873979,3.0,1.0853463116699862,1.6753218912995076,-0.003612981787524404,-0.8824858372633364,1.8009151150705134,1.4750083156840121,0.3695222157173926,-1.0916503389744614,1.4820222740562987,0.9831926999614622,1.9848884564146576,0.9571600313416051,1.1455799413457468,-1.6471776636006734,0.46715551746171247,-0.5388242238852872,1.32918318980325,0.8232569178052181,-0.1465101740237556,-0.6182950319102049,0.5658686961420919,1.4887164704414029,2.0524080984463153,0.9112635266683876,1.969287506997332,2.2764736197157567,2.350228751526698,0.628476759696604,1.9990035756902362,0.23108610909601734,0.6757569080992579,1.056220601833316,1.2216996510993912,0.7284085997533348,1.856843217436651
2004-08-03,-2.209606165177605,-0.360102581295088,-0.24973572926238635,0.5540234093239981,-0.5093443301252447,0.675082860633801,2.137671154637783,-2.639255355172015,1.4933647984361653,1.1591580881971495,-1.281763425649477,-0.5552596372258495,0.41988185318561305,0.15871658395155833,0.7271290373965527,1.4204442623039952,0.5016150801566782,-0.19765023965062192,1.319422175304636,0.4363724936590457,1.8901995860561749,0.7123130843603359,0.7790376018493083,0.45608855571905677,0.7980015594757971,-0.5190066510924822,0.8676067105473884,-2.1858706649363815,0.8334016513431011,0.9971922504154824,0.978769789675174,-0.6676995328970415,0.8289711793970952,-1.2823826045333624,-2.293287249679175,0.8878729780364238,1.774165682344536,-1.2540528342570827,0.005060922322434698
2004-09-14,-1.800591795752459,-0.06389321023852516,-1.2847438614899553,0.2711856981221515,-1.6225231242764766,-0.199140137670102,1.562865405367769,-1.5854728810310084,1.6228832682350591,1.647474224035916,-2.133715125514888,-1.419488908812549,-0.555127807163836,-0.5494189600643078,0.33418701045290655,-0.6711823537035275,0.21408732238598324,-1.6414028059586483,2.7152215339193466,1.7103292499624871,2.4240173178649496,2.4524334722240666,2.0409605417631633,1.639404671625338,-1.0750280647278727,-0.6934039887099479,-0.061205855262453195,-1.5274120219286569,0.5167935452733824,1.2121125763069212,1.836636710055761,-0.1836545664528343,-0.31709480978054977,-0.6792923167018765,-1.5362291495737201,0.875791371435408,1.347296426881621,-2.830224370622016,-1.2489558331078991
2004-11-03,-1.5653359143223124,-0.637173438879972,-1.4050390435576459,1.1753214209012919,-1.6358794386260873,-0.9136299290136125,1.5862823420578385,-1.2296340919149653,2.4290676666715805,1.3300582563630214,-1.8613609812404488,-2.4764523920624986,-0.7405166129382407,2.364354513683097,0.8063887303755336,1.4840777189689929,2.425419182946779,-1.0988680228591656,2.4357007042871315,1.5908582409331868,2.1186198851305247,2.833742587464059,1.5910348047308005,1.4560604324445563,-2.586614584005173,-1.182148188292788,-0.4842767690778074,0.6176044870841222,0.6265969253509375,-0.0840023300062702,-0.023873554642955784,-0.7213558949437643,-0.5762918932822022,2.395581070163315,-1.0079682534683465,-1.1713980327216418,1.531622796050493,-1.303787997329317,-2.0544882307596457
2004-12-07,-1.6560849589549558,-1.935103403100663,-1.3146043863067864,-0.3577707587154589,-1.5627158965677337,-0.5044392779132322,1.6803492282317465,-1.106029371614202,1.7178018003193387,2.267372880758699,-1.618860536436654,-2.2721766998221007,-0.5547623148177702,1.5913629476359796,0.9181105906980408,0.05199581509304742,1.6432229306832724,-1.049385277713651,1.901823791029579,1.3545317442899045,2.1216024711895787,2.4053031955741826,1.1235539671500356,1.1702872173843486,-0.9277335298805186,-0.17632422056711808,-0.3703851561299117,0.6176044870841222,0.7818079918294508,-1.3907950718673998,-2.0318905245795293,-0.5090441274691802,-0.21701347625786296,-1.2805295302834718,-0.7647912528117654,-1.5669839632555262,1.264935955382415,-0.9284277476606294,-2.597274775754269
2005-01-25,-1.8752604489330822,-2.4053389339778817,-1.2950429001075057,-0.33936052351927204,-1.5877074137851979,-1.0229990173452317,1.5781082320720958,-1.6879710397856578,1.1482566091526798,0.4412768712365089,-1.3639770254309116,-1.0376654486520593,-0.5490212891327337,1.4424288007171966,0.6801961817392125,0.17397368173720443,1.6655262201940653,-0.349232671850228,1.271246834574897,1.2753896875534134,1.4992799004999835,1.3846725765218362,0.8861225069282792,1.1370992572647411,1.6858359406373762,-0.4632666136351948,-0.5125514658212239,1.8578676264233642,2.0472903511000418,-0.47042371657424414,-0.45572960896927706,2.108787494714169,-0.49669587660487496,0.7396871775124886,0.41090612855151265,-1.7630912750954555,1.637141102894,-0.5771127027820496,-1.5662768918063459
2005-03-15,-1.5302611903756644,-2.269085628462804,-0.8420428753579748,1.3882524331874346,-1.3280471877583095,0.5920198232175014,1.6714049532011472,-2.6353975509113057,1.732380296227379,1.6220810907914784,-1.065851464415081,-1.682316570539468,2.247258572614245,0.9659971549349634,-0.97727285275364,-0.46759469607680537,1.0881566854457316,-0.43214327433459887,1.2681432083255575,0.3434147402132787,1.4642238143948842,1.2581619808126723,-0.050684324236977496,0.10689591619329263,-0.7886540946086088,2.2210535687129735,1.3863752243425027,1.293506989689965,1.6272721471184928,1.1262237506740054,0.5136180336876727,-0.6302683888793641,1.18632289087655,1.70444647359919,1.5659038267155456,-1.135860419554265,1.3181639089466402,-0.6435773461993255,-0.9638873594915021
2005-04-26,-1.5625377030345595,-0.8660469726238247,-1.6452211735942441,-1.3228222486501582,-1.40616209465842,0.31072139323838616,1.4963499585304616,-1.6066653264783164,1.624124300436923,0.8691423928041648,-1.7519232987376079,1.3940373944363023,0.28361765741221645,0.8388053350601574,-1.00892767184806,0.7369930621669022,0.07700684649738075,0.9603977277760413,-0.05385031417952644,0.7864891376382559,0.45538512387508356,-0.2312304987434597,1.5644152540940606,1.3480802079140743,-0.4616125446075041,1.8552601939546565,1.9744444035952018,-0.5375690913074178,0.029133436064801795,1.4898353015615102,0.9222059007941726,0.4567006192127006,1.877381924930576,0.2860418646283666,1.0914688945759055,-2.199862002952175,2.208722551728137,-2.3558423915082467,-0.3451760567006066
2005-06-22,-1.657067629884283,0.4411418348203602,-1.7598028180696856,-1.0021931991322637,-1.349808227399329,-1.0377914670728325,1.1372683904373304,-1.9159127494502848,1.2174669937880593,1.6279060202702667,-2.1491871893790546,1.0231910168824099,-1.769069675137762,0.9681838747614513,-1.808509397009414,0.47963499901650186,-0.7287196494802054,-1.5300697232798746,1.163521015292708,2.5415193474977813,1.6579789082173464,0.09910536019421565,3.0,2.6994749694566473,-1.0882696797128373,0.8265496977946695,-1.3042030402990423,-0.9814416009840771,-1.6532705350461554,0.20237999659049224,0.5422279845707288,-2.3475385061285703,-1.61645460839102,-1.2442659275123535,0.6819943394706567,-1.388895781505848,1.3422435491545972,-1.7027953188476064,-0.8572825160280322
2005-08-02,-1.4121833131830257,-0.7628843714382797,-0.8720815308149089,-0.7095562450026851,-1.0769677846920263,0.2842707335648925,1.3150538872545956,-1.9963957716921872,2.795437976140043,1.27960714683809,-1.5896797882337987,-0.3648684128365848,0.7210343943900833,1.6812837478891363,-0.4057454243258704,0.4918665795191946,-1.8941225877428172,-0.6933433478095199,1.978444979851939,0.6671083029233169,2.4415430811214005,1.225963814460106,1.3223117753223792,0.6070646434814206,-0.420317820980943,0.1370510681332539,1.1719206975077252,-1.4796061865193277,-0.07886476574656459,1.2610603211883846,0.8602614873587173,-1.2751259594922186,0.9296794647779059,-0.06690891960808298,-0.9385799144383034,-2.007582403014096,1.702940635859107,-1.3102405136264006,-1.5234929711665957
2005-09-13,-1.1315027769125001,0.8290171436550379,-1.3274129689325065,-1.9949614765805561,-1.2588527834562404,-0.2553942751837683,1.3496486097401865,-0.8146137481688115,2.916114355764462,2.073780569776328,-1.4493796802366974,0.1633215383148252,-0.5052694216761842,1.4698060074400212,1.1681383445463382,-1.5611394836520696,-1.3284512120403174,-0.29683839469288636,1.6127493810327935,1.509792042776502,1.937240245186037,1.3046995891420772,2.2379072308857597,1.4924001569231098,1.9268337681630896,3.0,-0.7584834072835623,-1.1030152873845724,1.2323400083386815,0.330537977749697,-0.015054352032861325,1.0041186233440165,-1.0191569562548206,-0.3930844318827722,-1.550936944369028,-1.3658263246112872,1.252198870961962,-0.8677907696250704,-0.39955060190728064
2005-10-25,-1.0675919938140694,0.4951399658457487,-0.6652196822034027,-0.1536804160179104,-0.6475448945399322,2.257165197181802,1.4765375637069058,-0.5576787033249324,1.8002919786975686,1.2514292048375582,-1.2516076702799743,-0.22024481848416938,1.7214140302035343,2.682171614030002,0.8536703609316383,0.37752847669801165,2.278452753742361,0.9946104180880215,0.6410890763869631,-0.29679451156227676,1.5144536491703564,0.16615602232152848,1.1337415018262131,0.08768001316705255,0.8285284467516058,2.173279978146556,1.5721485868588803,1.2547264399447842,1.6944470981703321,2.4680507455338994,2.4513420234463257,0.16903184477804892,1.257133281507388,-0.22424488626978156,-1.082780584008117,-1.9239779317213137,1.364386938069779,-0.33626924035108435,-0.06435486365587866
2005-12-06,-1.408490884808411,1.029246761741331,-1.0602129057289924,-2.637484004681557,-0.9129389365782405,1.7371715817686384,1.4407378843307723,-1.4526434385986446,0.9415588375436447,2.1813757042910438,-1.4075549774824845,-0.04845739336314019,1.1770490678011312,1.601863496676149,2.258391381284664,0.054691508513807746,1.5798587022163115,-0.8849863044114983,0.5590694041753888,-0.15119183899343963,0.6739426104205818,0.2210104825225332,1.326556819264123,0.32148162489923643,-0.7883759432458552,-0.6960411593627696,1.3097082208466226,1.4799357665275208,1.2267812480364577,2.2882455498122867,2.5562680818653343,-0.06745578650548152,0.9592128838462738,-0.09803372142342788,-0.771321404384481,-1.400798209290849,1.1633408609787554,0.2666762688242776,-2.7228114688148315
2006-01-24,-1.4269709505441888,-0.18994388347167043,-1.793886356894948,0.8430914738506853,-1.850296016229763,0.6251354823482939,1.5065896666505365,-2.6548932464020196,1.1127011392424215,1.1534395533085575,-2.5375301431107897,-0.47099352193124383,0.5778893137318436,1.740248597526449,1.2327684575088473,-0.07268190938316543,1.458756453778982,0.7036678252234051,1.6516450942622305,1.149028680143558,1.4903739005837355,1.000193518356472,2.2090109671609213,1.645518421043278,0.13772760394919648,-0.7721406658028772,-0.01803215078406231,0.3424882271695346,0.4159687513112102,-0.4061455188372597,-0.706630006504606,0.5922920303989949,0.07050280602518894,0.8745366607933626,-1.4503609462697014,-1.930754079244451,2.2363634101833307,-0.6903925035207015,-2.0718452519512893
2006-03-20,-0.828149021099136,-1.1942978797415267,-1.1852930488540832,0.3862700735069654,-1.4248574660851354,1.149904231724096,1.4719912900978258,-1.669667025271727,1.0373144288928353,1.9723175103004165,-1.5774755495633905,-1.4025626096727577,1.4534034655692467,1.1312123307826294,1.9100581960283125,0.6825611359520414,0.9324564542607681,-0.4291935413806185,2.2997545584411583,0.5560504943074458,2.064320934775714,2.2274787395350204,2.211145694411733,1.0091314524267114,0.39818067714633837,-0.686870373991538,-0.13135644144669784,0.1778876126440506,-0.02389754051641241,-1.727367249050843,-2.1115317143234145,0.6292314540198816,0.5155826623195583,0.4918208975547697,-1.4935759876183081,-1.2965388931886876,1.4351899803592492,-2.527747159913921,-1.2277024697298313
2006-05-03,1.133518038810638,-2.2229101450969737,0.01604114148545443,-1.203571144613124,-0.5806189960782062,1.7541083555434651,1.5285829639397561,-1.8868311361706336,2.3037992363610833,0.9253766570628409,-0.16132524326931222,-2.386605722462751,2.541317640622798,0.524578876302803,2.6779116312453373,0.7127851016485169,-0.06483888504593346,-0.2841291006902248,1.8693262626610263,-1.6557717111438912,2.0964675481259176,2.6824995864773147,1.8072945988622275,-1.540853898716416,2.3507892601476263,0.9387619891445531,1.8594127839214234,1.6215875325002713,3.0,0.9512606858043848,0.6596177075085632,2.650126107169649,1.947917900762243,1.718694058895218,-1.0322663273112322,-1.394525117905502,1.7936935739525586,0.723328666065728,-0.12145880013328864
2006-06-21,-1.0234009576115015,-0.7917269911348477,0.013166532514440287,-0.7560078406537428,-0.24029735413122671,1.6364657305624914,1.187030914491119,-1.228631536435693,1.7664583577966697,1.4960252883582954,-0.19693097232440937,-0.11780518774864651,1.74617314349885,0.21571969745613745,2.4539247843486587,-0.27372908673426394,-1.0622844538521654,1.2007825834261496,0.6072885875247571,-1.374029657612455,1.1690277933940443,1.0454236120091562,1.3768407720081814,-0.7066777934595486,0.3771271963182249,-0.12046202093784672,1.4097030415908298,1.3017529218158428,2.6337503102247157,0.42777453781424457,0.17848807557120205,1.089814302763828,1.6010087162400581,2.4816995104680624,-0.6882472016150801,-1.0696352058360445,1.2017917448637996,2.3772224496857137,1.9315260169450759
2006-08-01,-0.057498674095670485,-0.4133881152628771,-2.4875277604583865,-1.3783490205758446,-2.08275459170976,1.3623495363682272,1.6355122828298547,-0.21023533249127735,2.309519384564982,0.6830853732875845,-1.880647602056517,0.48602008202767744,0.6730027444318412,-2.4923801202127467,2.25378805032851,0.5431509573587894,-0.25995030999977736,0.8109991026920994,1.4235051705658897,1.2217431905428722,1.65131402002502,1.3304773160042007,2.5856131179915605,2.125056501685341,2.6653849845396884,1.808142164917739,0.3690317835026461,-1.1299254697492238,2.0330819314208806,0.6145680786448737,0.5552339484049421,-0.6800830763316669,0.22422148988192916,1.4483139880278508,-2.518922664820771,-1.5093983289301534,1.6489289231529227,3.0,2.2047160546786735
2006-09-13,-0.4915888888126571,0.023742231561603683,-2.1998111384706616,-2.3933868864296697,-2.2083057509921136,-0.031022538898348107,1.2334391995658367,-2.527603010452889,1.006916227049417,1.741131444058445,-1.2587865120333066,0.5185801206734995,-0.36486805201702843,-1.541052955610425,1.3987809014860724,-1.813396127944253,-0.25907489247502924,-1.0232000005197537,2.616724401977801,2.438750518541289,2.17171283397948,1.7425009194790915,2.3928434054164547,2.6384935818165642,-1.4239543953748963,-0.6291832995935966,-0.7891699183079744,-0.8674108426149899,0.9592856519758446,0.06690517851708831,0.18635789883538487,-1.386994711365257,-1.0465368031972655,-0.8558589218699861,-1.550936944369114,-1.3539767548684996,1.314971937699416,1.9191153280919635,1.4539408136190253
2006-10-17,-0.6091707959298951,0.7373701061688233,-1.184723715053304,-0.8701801324177312,-1.1780631348385668,-0.8030701479109839,0.8333491401312965,-2.3734980141093924,0.18125336004520745,2.195770010921199,-1.673855266387824,-0.5160537399659102,-0.5790900129955476,0.5159844537135901,1.3353804135859475,-1.3673519519148085,2.6753864513849415,-0.7412348051535679,2.376002222455348,1.7870828454761485,2.2075593853521567,2.0161402631142007,1.8826723618536036,1.781251593033193,0.5011952079210042,-0.6884801616730588,-1.3000164503669611,-1.6797296635100525,0.37638281509900096,-0.7344692564634868,-0.5941960766924875,-0.1910390380264364,-1.3955611228766456,0.4037303273897229,-1.1547005383800326,-1.8431269945859503,1.989417983455681,2.0861612856421416,0.6658787870667642
2006-12-05,-0.6463600753674369,-0.6393968984810959,-1.5769354288072568,-1.3395620204665664,-1.65228955123327,-2.1397571449577795,0.5150105574904003,-1.7343763839670605,1.0056412544500644,2.4236686998535273,-1.7014251347902971,-0.6392960844381038,-2.158161529682642,0.6420442281456914,0.3403165595128649,0.37579328290481157,1.6465006926917798,-0.7890641833942121,2.3012397290656046,2.204439813921401,2.0318393699488184,2.291290047513756,2.0681029790572123,2.154163936448089,-0.8314030418693227,-1.2976068723134921,-2.1222899612351536,-1.204416632157354,-0.16746435859245004,-1.9469385885195243,-1.8302166229436552,-1.361614175262723,-2.1133843431509494,-0.19751337749841924,-0.7778788732201223,-1.3140257074082307,1.3962554311586919,1.597508609337029,-0.7977642430597129
2007-01-23,-1.1035100921733165,-2.245113800667207,-0.2575849395116058,0.5712072061271639,-0.5782568766225626,-0.9717609905725281,0.6026329972157867,0.43583660396709006,1.097168965096538,1.3551798278685128,-0.5819814259951943,-2.8515702786794885,-0.052244407255289865,2.2118585878350485,0.07947296024453909,-0.2886725697090884,2.0730913909708657,-1.0463830681250217,1.828177391530704,1.042201470543655,1.749840911032718,2.213515057279946,1.3703575216656627,1.0075092465380207,-0.39520396535359914,-0.7167777931125882,-0.09892622653944505,0.9956803253779964,-0.1953138236219594,0.27934720479933906,0.45431072373462694,0.41596875688057955,-0.17648901961897795,0.9991682906839932,2.2057373351918272,-1.1438996404528332,2.003910121406552,1.570727223864889,-1.4544998922014143
2007-03-13,1.2564679683942486,0.8415363647756674,-1.4309357064741173,-0.0038831803751736213,-1.0218440321484141,-1.126058500243546,0.07110903888901787,-1.153907646992019,2.4558998856808256,1.909960786142891,-1.6545591251347487,-0.6516487686670662,-1.4588520239204863,1.3997209403836348,-1.0707853019236968,-0.8772153383333197,1.3107491131225644,2.8880006530146956,1.5280566621985197,1.7002996060839854,1.2841149614784904,1.5372674129398192,1.887728489307324,1.7703873071528449,-0.7553999874763684,-0.5036269705902251,-0.5110393923975165,1.3982187087754083,0.36192851441352347,0.5193271956394495,0.8648370801108662,-0.7854612909765536,-0.7496841074661059,0.9233234418987744,1.5966514255309432,-0.9707308278724804,1.3931358520800283,0.34003066462753884,-1.1553505773993091
2007-05-02,1.2081850022329033,0.08613265689535006,0.1251960074960951,-2.9531250559718067,0.15896494783286774,-0.8931063072480001,-1.2544341035567133,-1.0543263327277062,2.331410547439404,1.0580468834704715,0.9839756818573092,-0.9577717949351047,-0.2539847188635002,-0.7085958721767489,-3.0,1.4776105789500364,-0.9074082609445167,0.6332402292383493,1.5738550143202117,1.471175859257994,1.4284216318719043,1.5331732509388092,1.722512440401193,1.5392400088748892,-0.9333934236186449,1.2524973930582706,0.6478283183478658,-0.9410231457599092,-2.6165150267204975,1.1313317952930633,1.330282238877707,-1.168765784147758,0.4919384544038161,0.08275838416405518,1.0405021038420916,-0.5543940950161881,1.4475191502072353,0.694355151051806,-0.8074045591858977
2007-06-20,3.0,-1.1725080114087056,2.6460976788950847,-2.423507464655212,2.3291984807985586,3.0,0.7009338125815432,1.6376794508346153,1.5877930402177551,1.4815313898107467,2.9309905613106957,-0.961107838132517,2.819118385219964,-0.9755038110444126,-2.317455632681044,-0.6653884581176057,-1.1501515536025126,1.2683490215795605,0.9894128255310953,-0.44023407469782333,1.1171203229589346,1.1808212273594776,1.3382907912614117,-0.31050385741464315,0.4160915366231942,1.8625612645646414,2.110863112454275,-0.7453559924999323,-2.124725689876808,1.7945718019743888,1.6450438591583636,-0.46672122750003775,2.122721521685509,0.7754487191039291,0.6945163361482238,-0.4237251634492781,1.092226333592335,2.3876956853885907,1.3744968895254819
2007-07-31,2.0352148922159192,3.0,-0.057695638739445394,-0.3546049600472685,1.1115455184878777,1.8596911118850945,0.9087803106028558,1.8218435794276981,1.3357036205393091,0.6363243404566131,0.14549340594125124,3.0,0.08048996077880828,-0.8968413261367363,-1.744192145898901,0.8788294845866235,-0.14241888599735467,3.0,-1.3079486704895393,0.14093452024239828,-2.6180449817199922,-1.1016863825641965,1.8733026775758725,1.592557315355864,-0.1893248937355126,1.2722928503257225,1.1929731563498134,-0.25254608996984196,-1.6740080675922335,0.11526448011289592,-0.140628255099345,0.3669725846149345,1.426403560707401,0.982608776502128,-2.189039487493825,-2.128503986083824,1.6777721391019484,1.5449988798572245,2.1102804015936942
2007-09-11,1.9909454557854707,2.725015249950093,-1.234360017427118,-2.630775619266124,0.6862767722422821,0.39913187572941927,-1.2455010423547859,1.511952292100762,1.571675765058831,1.734129889026766,0.9496087035005873,2.542929451792317,-2.0947301646470025,-0.7691299890205738,-1.2897045321725882,-1.5023557588262584,-0.149644047625394,1.9272018407102396,-0.7207315326498392,2.0046028559134865,-1.9721701428821905,-1.2077404177730877,1.9454386989150203,2.7747050550385306,1.1993492919191455,-0.6007136908490903,-1.7063656576526627,-0.36468801073474,-0.9408942583546822,-1.6221147288795388,-1.05230546875845,1.4058621987923898,-1.5652671643674843,-0.14307395733807407,-1.5811388300843836,-1.5585822330482741,1.4237035560325084,1.7762483756763532,1.580636008410949
2007-10-23,1.8729971006839605,1.2077995381543252,0.6147683175018434,-1.0484134540639736,1.1981652414501969,0.01804203772046573,-2.332720736527753,1.146455074695118,1.6192870529776784,0.9645478185967598,0.8371719145113351,1.360388054838176,-1.58379513147549,-0.9877861526627664,-0.8738049396845503,0.0238430205895148,2.348969059779022,0.6878104178596229,0.8541520460755121,3.0,-0.02767848810984848,0.054550826808952214,2.2973748636956253,2.671189830867073,0.7877508249090701,-0.7837448443561033,-0.8194929299599968,1.5590054065411336,-0.1946918970222186,-1.9267298358105045,-1.865697652949128,1.6172250723309467,-0.4371224142151185,1.0929335297586482,-1.100239208440494,-3.0,2.1411913012403128,1.957121902054956,0.3664922389517064
2007-12-04,2.3192480637006367,2.7988240064048258,-1.1555654033245064,-1.7595845147692994,1.4034965814177514,-1.5146316222745237,-1.7860053042743522,3.0,2.3193965899134206,2.1856452784579816,1.3268471736666752,2.2012432742483465,-2.604597470580772,-1.0808902055237015,0.43192059213198064,1.145808302532952,1.6310052033388425,0.9482329781965968,-0.6420191389995449,2.1817838224270156,-1.4317335003501854,-1.4278356875718294,2.203495617367407,2.5573100706812197,0.07182814157448292,1.0368713386652073,-3.0,1.5590054065411336,1.172849014506832,-1.660472218793559,-0.6322414725242863,0.07090911051750551,-3.0,0.20381428210928207,-0.7844645405528535,-1.7024104941884293,1.469932675376302,2.176947891256226,0.7829733547329323
2008-01-22,2.5048377312975334,2.5675479309672857,0.4983986687598919,-1.0408760214806665,2.5390647810690967,-2.750748914459644,-2.644367312296683,1.727219453115092,1.7512102907223517,1.4475110121667447,1.780447549588203,2.4397024124263944,-2.4764904183604695,-2.455599563984218,1.3796881571699928,0.08029989260972652,2.5616485438738428,2.2057741912410997,-2.0220023425259352,2.25788184840101,-3.0,-2.6970245724869994,2.539668445971522,2.1054465907537474,0.4185965490871728,0.8076424269828567,-1.5420979990442645,-0.330063465894905,0.7445592571058832,-1.2896254280179957,-0.718539225500724,1.2749051842511931,-1.5198109992194073,2.5086093912914396,1.1025516521566758,-2.6244426123843216,1.3485940475489184,1.4211927197325327,0.5632241160764719
2008-03-11,1.9082149015734249,2.1704200611640316,1.7496497143401841,-1.4359722873574607,2.2036628963214757,-0.6563407615365513,-1.923574780434455,1.9240993214034023,1.675522800451546,2.670177620921534,2.4962906896491006,1.9785234083993306,-1.5061535470026264,-1.4295473548243727,0.9274554845782349,-0.4737250556591374,1.4767185079259377,0.8586304810452166,-1.939801932186606,0.24494787821565397,-2.04106385192984,-1.8794652612148819,1.3397067610051725,0.9827002361345776,-0.1152053000509302,3.0,-1.9963364437301954,-0.6002691797196923,0.04221608552409409,-2.722060329418853,-3.0,0.741192878131938,-1.8615403417224474,1.9507773416775882,1.6124515496603837,-1.4768505448964255,1.0357775726201393,0.5760554094330064,3.0
2008-04-22,0.7349727949281781,1.1290752300711906,2.549899503749866,0.5007836961008937,2.005911517340795,-0.8573575021368327,-2.0053288459150784,0.8165856602027798,1.4109099661913824,2.165424023409809,1.948681472628984,0.7678959861902354,-0.7404693347211189,-0.6288706297357812,0.9743898733762044,1.1894110712488613,0.7551431673723902,-0.8529590757771569,0.6546295514083005,0.34611032035676026,-0.22796641605176923,-0.2967396832249051,0.8359532345212985,0.7116125940740903,-1.8680088984171992,2.399776104474069,-1.180689614251385,-1.5428172842788646,0.08086656834290057,-1.4943629681481212,-1.4869954206940883,-0.8540606194548542,-1.085878053334042,-0.4867400661930346,0.8621537563801065,-2.0373942118632113,1.9968898500497978,0.482239870614438,1.770630172167139
2008-06-17,-0.05656786375117487,0.24670256578407967,1.9367331047089882,2.0820259393848737,1.4804603193023673,1.3419732163678737,-1.3520330252743173,2.286789300225548,2.2743485204541085,1.289450991976211,1.0482127070542797,-0.07802034379678355,1.0434266611165273,-0.2769137995631637,2.3968734147167376,-0.07445415790873883,0.41547255125517585,-0.5651632300073928,1.0290941497947428,-1.655403633986988,0.23343649835696642,0.7929428729470569,0.4458214980934985,-0.8399205979907272,2.1367575724309518,1.4602579853696545,0.8156549112219441,-1.1432320923800092,0.781540678679201,1.109008935038882,1.5993783611228718,1.6770125868652586,0.7736664729834773,1.297206404545355,0.5165045901390407,-1.278421154590079,1.4569307077091265,2.9980454589952483,2.4676934043905465
2008-07-29,0.010614438492288282,0.4364452488451156,1.1094081733864105,0.9939098139809508,1.0316875547232032,2.4776589331062304,-0.852420784325747,1.896092887777374,1.921335979931902,0.5488217714551109,0.9282203050940497,1.0974097576499517,1.049692514881226,-2.4796673584839275,1.9873860549446891,1.710816250744164,2.5811131667472895,-0.41806067611633424,-1.0470541335607042,-2.0132021200613286,-1.0716225576837806,-0.9732873539718789,0.4601122126706535,-0.7475291949983,1.4618776672179432,1.0445127712342661,1.3492887908613476,0.07459363910469147,1.6805851978698723,1.4832322034843892,1.7238565811648996,1.0474734114799553,1.3184483631693644,1.2785294887543963,0.7150008816319972,-1.604248201115513,1.2879603208573596,1.7047228258320866,1.346724755840999
2008-09-09,-0.5872083843280073,1.1108823236913172,0.3958900305835441,-0.0011816267396155553,0.6151226461981929,0.853132997778883,-0.7302611943805744,1.6791357882917926,1.3223500905615109,0.7383709526955256,-0.04885715905862577,1.7612994483241677,-0.9140015531051894,-1.5912027722284123,1.5118422265555944,-0.6892833210451248,1.605511628638835,0.7082747685279568,-0.45878290387626725,0.20920428086960416,-0.39683218983558854,-0.7573933323620331,1.8932622962113799,1.902784176441278,0.10377163284531166,-0.36286954977889396,0.22259033393141844,0.7518094115561283,0.13010426049200205,0.495753200169752,0.6614195407930232,0.29118370064333493,0.16285803258266524,-1.0030060161875956,1.0090881037306705,-1.2885756742430223,0.9556775623665299,0.766006004026794,-0.4221041003421969
2008-10-21,2.1806388201058247,3.0,2.209096438021236,0.7003464573146067,3.0,1.2443591412312134,-2.7935523103570974,1.805815300654903,0.2557315806407363,2.920730460566793,0.8392001720358704,3.0,-0.2753017874163873,-1.7940764994649374,0.2786592265847734,0.7635958407376545,2.75627828437261,2.4948364465694084,-3.0,-3.0,-3.0,-3.0,-3.0,-2.7123521672402213,-1.2995802566309973,-1.5033777381190014,-0.5047197260487446,-3.0,-1.4668160642882948,-1.4816855341611457,-1.8149140134465809,-1.6970506631647406,-0.22715296003709842,-1.1886945211059523,-2.824933840977233,-0.8151696246615332,-0.2974571352592622,0.12738993378786712,-0.502126149982545
2008-12-08,0.34193897270379087,2.1062114985105693,0.7925410720658593,0.9753232715846027,1.733384296835349,-2.6298037258900657,-2.2107983278848793,2.3038876127761827,-2.2341587736616737,3.0,0.43358462961484573,2.4237194563692857,-3.0,-1.158625407676308,-2.0596505111219168,2.1251819570324137,1.511113855037982,1.3459769975148985,-2.1652276992337636,-1.307626462668324,-2.056657395358441,-2.1530631569028684,-1.5127025635930575,0.2487125377733291,-2.86030267350579,-3.0,-3.0,-1.6203810884156697,-2.827761840823902,-2.7618789873007787,-2.467450668426535,-2.368567130235364,-3.0,-1.8115037449589773,-1.5237749943630425,-0.5908210056198282,-1.3687036626410387,-0.5620314622534431,-2.7413344428482525
2009-01-21,0.29232711574357795,1.050682699493853,0.10682589420316602,1.4343989804075519,0.8408318270461853,-2.3376345770186338,-1.266489286728154,2.0485844788903114,-1.431697059429422,1.9664156144065816,-0.1420308830970138,0.8802815181589377,-1.5781981620683996,-2.5133638557346076,-1.9025329676161753,0.783526275818252,1.793648761103432,0.4651132717667756,-0.7957929752210836,-0.1367921752209972,-0.8521039117365752,-1.0226651604543147,-0.07175926304888107,0.6760256168375944,-0.19988500762323455,-1.3874860532565203,-1.7317300511024796,-0.8841120290670507,-1.5574186919929758,-1.4888306432383969,-1.3651781071571072,-0.34865091768638473,-1.7807873128614862,-0.09435142031788347,0.6221377919202544,0.8313431725390081,-3.0,-1.3425671158693235,-1.5057860436478032
2009-03-10,0.5950501470017149,0.6577506195778835,0.7257193029884691,1.1974159912595008,0.759249647192747,-1.2092578122501423,-0.8919456847574957,2.0532666743041914,-0.8849799626097863,1.9168478763848793,0.30892070436530633,0.9917059326331992,-0.537881448392035,-1.599847102429477,-1.659420147368023,0.5754349772439742,1.2603146478892626,0.09729259487544377,-0.923548054881289,-0.723595518258529,-1.0267301867663692,-1.0892020216358675,-0.6901495207476487,-2.331859795064403,-0.47632498410360496,-1.0414411271631276,-1.1341564024781994,-0.5971508580642098,-1.4265931994148136,-1.574337963969515,-1.6583254201044517,-0.6655399008474105,-0.9535480209152905,1.71982230279644,0.5297901494360221,1.6053389371202402,-1.5759318148560428,-2.886287637153667,-0.45751983936799745
2009-04-21,0.40566116888124587,0.1862249311385959,0.5404387865470097,0.788545366111034,0.3640226588917681,-1.3016290987375734,-0.6768711307010142,1.6166442351115742,-0.5434233034474575,1.3898084081152247,0.2928465850598715,-0.06216460290506037,-0.3416533152689864,0.3723884842537242,-1.421269544077059,0.7942216484446097,1.5836603771867404,-0.600186486202822,0.3138573250340795,0.4553330623211279,0.06850643124773446,-0.04540716759195437,0.9728195402610483,-0.01720933767430935,-0.27689858214092405,-0.07369363412755868,-0.6167989853794651,1.213815402106618,-1.363127063073127,-0.04129310427367471,0.18293516482001226,-0.8207729886737468,-0.7862190171471592,-0.32373384287617407,1.4091558994891769,2.187709283234636,-1.4006567244399206,-1.866855531552604,0.10105776053073423
2009-06-16,1.2364808111072028,-2.986674640569916,1.4153531157697763,0.2624460159733549,-2.0383924475274484,0.5641770924791188,-0.1820899161054883,1.3922015852834706,1.1419371689001765,1.1729054664786391,1.4954207806160067,-2.2038496848035063,1.183467917692348,0.6095210882193304,-2.047660094597538,0.7220190246703744,1.2501014592413764,-1.1257550695589302,2.3914704951789374,2.275124811009755,2.5995009737903314,2.5611607452974647,2.2743065737077264,0.08689580578814142,-1.4455917020268736,0.8813599858277832,1.2547058870008572,1.5035072979694235,-2.129648748159583,1.000762565546877,0.9028240940781157,-1.506698260665134,1.2790919540006516,-0.24216347725351664,1.122377774455454,1.283864523400447,-0.9325335614627595,-1.6708438821120435,1.059027325850437
2009-08-04,1.174805448454084,-2.2528792932453077,1.4975594096174032,0.3246383886392076,-2.5684747281920197,0.45154771552907136,-0.17898274450339022,1.1495030511329971,2.1202130455148764,0.37042816667972267,1.489794625911417,-1.8022357150004684,1.4483829079534802,-0.2472300129179988,-2.4046294547264577,1.8892783659941885,1.4259367886385192,-1.4706637829217353,1.9732130188150203,2.2789235972937463,2.228054919182162,2.1737504317231613,1.8508976705391296,0.582715745958519,0.3279079508703597,0.719343797378677,1.8313028131914817,0.821490435886432,-2.1361650607840508,1.973820593386198,1.9105828622692438,-1.141410772149975,1.697764935744136,-0.4668374002014018,2.080191722195153,1.9048946141168057,-0.3233116956571078,-1.1984299587882965,0.7891255299614671
2009-09-15,0.939380556388937,-1.524298712407797,0.6727551693357241,-1.2760376110993767,-1.8444848186769516,-0.05616356768185919,-0.167439200707173,1.2302904218747899,1.703903273475096,0.6415309084147319,0.7802293818432399,-1.4966279623753405,0.6590143789435617,-0.07524160423878955,-1.945591425364068,-0.37794875357922647,1.1970309810996322,-1.3321167136933612,1.7825962271306002,1.9168894774076606,1.8749742719189129,1.8962998778742717,1.7045974065630356,1.500437376024119,-0.7772350871001988,-0.8411531014187047,1.186413266721965,0.5570860145311562,-1.7886744762533622,1.5705031977858521,1.6342760303674804,-1.1600386139344996,1.0085169251340733,-1.1739638893991486,1.4761365303406861,1.3887466581339156,0.311725213841401,-1.1014470666423775,0.3309661394412005
2009-10-27,0.7136958894775352,-1.1490291407596132,0.6876703850089771,-1.6153753009071026,-1.2148770772543245,-0.30215773385479794,-1.7601139989853891,1.4047916587002018,1.536060643300302,-0.43755015442126344,0.7463377500418046,-1.2634967813477402,0.5238871715277246,0.6271671507266471,-1.5313725046049063,1.6373162384072186,1.4777966481353928,-0.8178578910804496,1.5401372945529985,1.4638336143364052,1.6185069742060758,1.5816159418297278,1.4066339496394387,1.3368269477089287,-0.10838612925448401,0.658291670212939,0.29308402180318976,1.68046517045646,-1.1962079967577832,0.35858963811830336,0.4007100890051458,-1.9962750544223695,0.2673214018707872,-1.2142137852364088,1.0933286835230862,1.5820468063612048,2.5528699808396706,-1.0100313822614215,1.3826510712141884
2009-12-08,1.2323598499572759,-0.785888919763084,0.08975469175816007,-1.6484227649827523,-0.8990351892137841,-1.5393738901970149,-1.0527138542123373,1.0167084089167806,1.496035554316862,2.751941773226925,0.3828677476862734,-1.0949040126552898,-0.04636737974832796,0.3641101644020935,-1.5287151018247842,0.20653999913321458,1.2861341445671641,-0.8038294332542185,1.3691942181942858,1.2866206703711123,1.2551162916007954,1.4051874352168885,1.3564790368395743,1.4032715707993115,-1.040527879286425,-1.074265371549741,-0.47734115533329985,1.5825029095963867,-1.3213501729752104,0.09226175740962024,0.3698644845714203,-1.498055582748409,-0.5727900200567067,0.11837718064954951,0.7977316231523685,1.2055508725198656,1.5809519931250386,-0.5931062568799894,0.9152616079235557
