,T10Y2Y,BAA10Y,T10YFF,TB3SMFFM,BAAFF,MORTGAGE30US,DFF,UNRATE,CPIAUCSL,WM2NS,T10Y3M,BAMLH0A0HYM2,DGS10,MSPUS,CORESTICKM159SFRBATL,WM1NS,GFDEGDQ188S,VIXCLS,BAMLHYH0A0HYM2TRIV,BAMLCC0A0CMTRIV,BAMLHE00EHYITRIV,BAMLHYH0A3CMTRIV,BAMLCC1A013YTRIV,BAMLCC0A1AAATRIV,MEDCPIM158SFRBCLE,MICH,EXPINF10YR,DPCCRV1Q225SBEA,PCETRIM12M159SFRBDAL,EXPINF2YR,EXPINF1YR,STICKCPIM157SFRBATL,EXPINF30YR,NGDPRSAXDCIDQ,CPALTT01IDM659N,RBIDBIS,WUIIDN,IR3TIB01IDM156N
2000-09-26,0.17168305164286657,0.907598284994782,-1.0724013614591832,-0.4545614577268201,-0.9671671951674904,-1.7508779998879738,0.8137443312025768,-1.00482816024699,1.6437701483320253,0.8145329502599244,-1.2403781146396355,1.3943887743409291,-1.2049015045469775,1.28666024535583,1.5219922937610229,-1.622565117452388,-0.853808796070661,-0.13498704116873594,1.0251414244718484,1.841824537998254,-2.123677341709018,-1.1893562918385026,2.06524225589812,1.7863545989303937,0.09212401777577578,-0.5087552702260939,-1.7464668298918662,0.41259453271174457,1.6010645945439805,-1.0361543012670245,-0.34134529253779444,-1.057902050994953,-1.7833156429719597,1.343616826368436,1.6349235449147002,-0.4678222454111216,1.3597804417436883,1.5044341081258847
2000-11-08,1.7792397890904434,0.4540784705033469,-0.6892496903421607,0.6839001197645043,-0.6536816452883387,-1.754863187464514,0.5821794520826341,-0.7244335369163348,1.676061528404439,1.920633443330651,-1.2569973335498354,2.485503034133133,-0.6127166033235352,1.7130957439813064,0.9318959475829708,-0.9190697577111554,-1.1837502899318906,0.9007577352555182,-2.2477143005423703,1.2187710734790818,-2.185698669324207,-2.3969243139169407,1.49212014198197,1.4416579498904691,-0.874654371460937,-0.6517123786519301,-1.362038280833415,0.8688298475334373,1.9043851200437674,-1.1546538523174426,-0.6916695996239172,-0.3798546701668731,-1.3565451027690514,1.9475652250486715,1.7512254197161194,-0.9547035305290601,0.8284177215675729,1.781615288020618
2000-12-12,1.0476251122176732,2.042421172107263,-1.4699204948698181,-0.8717806396447475,-0.9461927264840079,-1.954801454233269,-0.012618952964248694,-0.5979732397669831,1.5690467439524651,2.320519830532695,-1.2715059801242712,2.5834964317997757,-2.1683611864438124,1.2552687861299288,1.26250452538113,-1.0826518819173312,-1.4295418251766596,0.5006295124765725,-2.1812192987736534,1.7412928168577582,-1.990813610238317,-2.8310585713538687,1.6535904019394376,1.9759350270170586,1.2048444778235712,-1.0553989715647116,-1.5768188574072932,0.9377592369739773,1.8257904646491159,-0.9935592768826685,-0.27692618780429584,0.9909044874179642,-1.6183635157397012,1.3849597549423032,1.4169944246544866,-0.637571802610487,0.6234640795161169,1.4400679138324912
2001-01-23,3.0,0.7122832518639745,0.07322375687408933,-1.6335176809937675,0.5857044861969598,-2.0601394394642494,-2.214560613536155,2.2776569247652154,1.867518875696575,1.7370407221107214,0.9442016215813998,0.8542656361273828,-1.2684186872109728,0.12844665401478758,0.3866753906001137,-0.11471666907284936,0.6821261495594042,-0.3479969071212804,0.905059463578025,1.9157445862404345,0.14380299739221428,-1.0141433094352479,1.9539733189402133,1.7849379625273754,2.4579933617045193,0.5239382124459704,-2.3678343608253716,2.2866109027674377,1.5020349584278079,-2.2975470151995383,-1.9842099484868676,0.9530170979448728,-2.3596980521549753,0.6865927815300182,0.7454831090273087,-0.38523896195327384,2.0961348492620773,1.6948541459587638
2001-03-13,1.6876313981148423,1.2866676476139958,0.6214979031803273,-2.033753171175001,1.5059816633666319,-1.5335678705558435,-1.8880687568133636,1.9899748742132382,1.578142246638768,2.344013915004389,2.0194631529192484,0.18379468583875794,-1.6402341564578498,-0.4315144665365398,0.8998270940269099,-0.23157471908241387,0.9659251526739137,1.20235431247022,1.4091929111155197,1.9572121056684644,-0.22825414902844013,0.02806932726009694,1.9311975627369764,1.7951537373750481,-0.27667699566463494,-0.7404399222181298,-1.8601913988481034,1.5801076974017625,0.8057690033325262,-2.5309399645540553,-2.989847120572928,0.29519439428304234,-1.7366354166800897,0.38928241615324705,1.6741382762618149,-1.5567039019978237,1.5902305501430185,2.0955161733209815
2001-05-08,2.140350673033948,0.129213920594239,2.6756872588182623,0.24474840392236996,2.391986737176945,-0.6129784462631834,-2.19028094658931,1.0591580985154925,2.0129300931292327,1.326526131629512,2.4464377991194786,-0.08356939233900222,-0.31954079705541355,2.1097817798701812,1.8072415139023745,0.047185528983292736,-1.3072988378806596,-0.19208371396463716,0.7058576417696327,1.4665165490779128,-0.781246625871763,-0.41753447108530906,1.7478631085216,1.2977924480283327,0.923267786734668,1.741293259955941,0.012311051315527026,-1.6195115223233565,1.5555815541591673,-0.33177255634586456,-0.2704318478932114,0.43086298802326695,0.11829938569690021,0.9338131891447222,1.4354580070728125,-2.2029380896302553,0.12047436897943341,1.4011486346611826
2001-06-19,1.6500993184819275,-0.19263122034658822,1.8281921818418727,0.848827760000623,1.7930828632712408,-0.3702344833322666,-1.7772413836946703,1.596585461631469,1.6781628019239212,1.4480285505133244,1.5963285904390843,0.3391565304300141,-0.07730181826450248,1.3929499853781098,2.262265194949521,1.0334911018459052,-0.9707215018644888,-1.0216216200687869,-0.05311685876345077,1.4766751352446328,-2.338430254380966,-0.668471795553744,1.6851616802853853,1.3017874237830955,0.7380275279804587,0.1886993895584607,0.689565712672786,-1.2355235635673179,2.1595078833363166,0.04601798708412482,0.00874888962295809,2.840930773736708,0.8528969075556676,1.0762166850855277,2.0354590138514577,-1.146090498459537,-0.040822154323416175,1.1097726231831422
2001-08-14,1.055608335902525,0.7934948924347348,0.9262248246726027,1.5448233649489398,1.0748061815340924,-0.7478561258739241,-1.2232286103938996,2.4284952169184058,0.9692901741620572,1.5524547359847944,0.8252418013922095,-0.25766291044097894,-1.1255298629240709,-0.35819019244951256,1.6566745952184,0.5993145563628649,0.4284202748955322,-1.138526066915694,0.6129172051991579,1.9671938330808203,-1.4557147853090109,0.2781884909738045,1.817471392962863,1.9705912941491388,1.1491787180912847,-1.0914325434696486,-0.034305736798279446,-1.4055611874198508,1.2910730769819156,-0.32304353268387476,-0.2661251088305677,1.7373172202366842,0.041786507084002805,0.8693589183296222,1.100502484298747,3.0,0.46321826482140827,1.5590615362095317
2001-09-25,2.3824262586790965,3.0,1.0116403514441306,0.6254407926260618,1.6792555256733508,-2.2630231220177204,-1.4737860762501584,1.8868888770870877,1.4976446566722872,1.7485553775437215,1.6206996400747673,3.0,-1.7826147340254745,-0.3979892139154089,1.8713205881622352,1.8915848972716172,0.37177887016781147,2.383048761011149,-3.0,1.4400339869754886,-2.0293392751869925,-3.0,2.008161772220387,1.9226066100182828,-0.8757821294140091,-0.4411810509517681,0.552643031672558,-1.0123365623453007,-0.9573701074080917,1.635295082225866,2.0245224215175694,0.08092216910083878,0.38474928010059367,0.6736364497979436,1.2378817623527631,1.4353202834369725,0.3312558864399931,2.0274944364042176
2001-10-30,2.0099986023588428,1.7025510653606248,0.9820320720795076,0.8257504110414673,1.3405808476089829,-2.0228358083233693,-1.5560964447949877,1.9126658089228663,0.6072731602463821,1.145323572824558,1.3983105716470188,1.8213176361031442,-2.100706429463233,-0.8577643614936312,1.7754638325154433,1.1499891955025867,1.8751759978351017,1.3687061917193417,-1.1644448292447933,1.9888331687691077,-1.1550650048343158,-1.6883464290142827,1.9289972551455161,2.376803822000873,1.7268873135213834,-2.6458358082435787,-1.2840004550356288,0.6604202826873137,-1.3259189510816571,-1.5057969433025808,-1.1639001942316392,0.4434208240811043,-1.1574830988093538,2.2518686078514007,0.6639897839155268,0.5287826623577973,-2.684923396343865,2.0221863254001518
2001-12-04,1.4826070273057268,0.7182888404723785,1.7546977037510005,1.4003139202984902,1.692279786282124,0.35903691285144435,-1.73553708448938,2.1222008238907883,0.0033172194552618236,1.9537128105856931,2.067722356575202,-0.055966438080421135,-0.9106831036708419,-0.9579283112980023,1.5538043832002502,1.8180296194463403,1.4719807633526136,-0.3526195926209977,0.6284364397087403,1.5454166763347554,-0.27517154099202784,-0.35007774643342665,1.4875340583204053,1.6622668002836345,-1.6388581422748918,-0.5709087834201964,-0.19109579486209008,1.1760249715498883,-2.8835216198088998,0.028454056003175063,0.4783891593930873,-1.8696901739783016,-0.18415551349629783,1.6720960209921736,0.4614759172858685,0.7946646576012928,-1.6936925437731343,1.9304914330743261
2002-01-22,1.1727748700174827,-0.4182778342990494,1.3435388624322753,1.585348199829217,1.0843312500958062,-0.48492818133394994,-1.2241996310252317,1.336363092556215,0.5474984584011147,1.2502732946042887,1.4265364071393352,-0.3233895475457061,-0.06941759479696782,2.7611371163548415,1.037545128869228,0.6950017215087414,0.9422028391001571,-0.3011913780779247,0.7626868646385002,1.3471736296405392,0.2557056646004938,0.11249846132384385,1.3658317823155568,1.3115150876738417,-0.7503851253863287,-0.2306933227665558,0.768756899566568,-0.6089227825853877,-2.2223600282092817,-0.5373609386149161,-0.990261265653262,-0.735004181029795,1.0452398543748285,2.1726540888569383,2.3981750552224192,0.7045792732588552,-0.5498184415489398,1.3628780720332685
2002-03-12,0.17943627221168001,-1.0067842564546519,1.4683472212335067,1.9682980680541624,1.1900508009278858,-0.07812889249305903,-0.999946065754201,0.967608595676628,2.6930661155054727,1.562996767170178,1.2651513905584273,-1.716255540405308,1.5561295760687497,1.6075001254194314,0.14596643770411066,0.10262653157602655,0.673630889316524,-1.1070554046350773,0.9231720499301933,0.21788349421405592,-0.5191745551758644,0.15766481380267963,0.6360418600468186,0.3517642311389588,-0.46614163607449477,0.9547113761015851,0.31434498691877555,-0.46136847706423123,-1.4524034676854505,-1.037821233464163,-1.3706032310472218,-2.2914061355836455,0.6044370926855818,1.3248727329324452,1.0647233261711098,1.3570246576417975,-0.32392792377707386,0.5615114495524068
2002-04-30,0.2942641153048019,-0.8057634412124286,0.6172609024299667,0.7471214035116112,0.46204799052830386,-0.003825003997940517,-0.5044062474609807,1.2484400331601768,2.2471147808062013,0.4501949851220964,0.662707275407788,-1.6414193344069465,0.6213012100451913,0.9192325985096474,-0.36375862676916615,1.0099973490695682,1.5520379836270841,-0.5207776671464738,1.6042901106271399,0.7841054952748107,-0.0645585493663615,1.443961247958739,1.304964476346193,1.5745316529956146,-0.792540957704559,1.0241007897243621,1.7630774376328509,1.5340630931257753,-1.2792354496501708,1.0089128200239048,0.4980576616690137,-0.46888496216674697,1.7681838064735858,1.7527626603253035,0.007548136698864826,1.6856132911104327,-1.056079768874755,-0.6316544942625171
2002-06-18,0.6590478416710325,0.3205792946418801,0.05015400463183338,0.3460494861464714,0.24248556558124582,-0.8153592979346058,-0.6093837018826899,0.732314412788088,1.5626768760855971,1.4367563276194601,-0.14307523899697466,-0.15931165707308684,-0.47740764219273274,0.604488948439055,-3.0,-0.10039373624876528,1.4873881370289384,0.2902100252591451,0.15308407308154634,2.68297996814217,-0.8974267000028113,-1.519810128595749,2.905529986930532,2.793857528436819,-0.8486933793103952,0.8708165523861071,0.21505735337887338,1.0830359094758608,-1.781591363378795,0.03149177821662102,-0.028565526594979084,-1.6055631036775804,0.2393084728375108,1.2922893357413339,-1.9041326247333443,1.8245712124973141,-1.082204887207318,-2.2300746805208562
2002-08-06,2.80157840926035,2.2580041751746873,-2.2928979904819804,-1.3211608688310141,-1.6364005944762343,-1.9966064036006201,-0.17689173522193805,-0.7514691493015524,1.8267660695972738,2.557983761266514,-2.3529002091183475,2.2945433704768208,-2.5126702273993997,-0.9688920973620865,-2.3625467239244,-0.6963122067680263,1.7590717550568218,3.0,-2.7816313974222866,1.0250792531982142,-2.3515504287588525,-2.523514754954062,1.7504063946242945,2.367847728585575,-1.125647133164218,0.4730765421934247,-3.0,0.6993617365452721,-1.4623531209469374,-2.197520726802833,-1.0586016738689557,-0.27431703714899014,-2.9553998825404055,1.6773311972450882,-1.5562548540198768,1.0118055308625296,-1.9997306965471546,-2.387324908493973
2002-09-17,-0.8353952419818178,2.313898119751765,-2.432486685513551,-1.4657550237185915,-2.222053469280678,-1.8822385492760054,-0.506114101304905,-0.8729291363239846,1.5819781246873246,2.31598600784292,-2.715380225237001,1.317021469735921,-2.5093479860299692,-1.4797147599631189,-2.065091914585704,-1.1375538495904227,1.2059502398485238,1.8727079622862248,-0.9842497814680946,3.0,-1.1028362572208967,-1.528200175011782,2.103315300589876,2.3908444284988875,0.24195041667536443,-0.11306655345946409,-2.444524425746475,0.5782953008020895,-0.5231216362385775,-2.046205641351603,-1.2151911008394254,-1.4679726361221606,-2.4681469494980597,1.2789290089398755,-1.1589108341526637,0.8433370536161706,-1.3281637002310414,-1.8252712853199735
2002-10-30,2.1254903674023935,2.0096805209726174,-1.2153732447089587,-1.6467654627678385,-0.02403400244042081,-0.7555482577261199,-0.5486025415184381,-0.8729291363239718,1.5357196594446247,1.4834949331904883,-1.0006817508471888,1.473890569432233,-1.2715116193137863,1.1535626842432996,-1.677065515291399,1.6836305295328216,2.2924834960064824,0.45285288598797513,-1.2221177872794722,1.2442453658072872,-0.7188843560508584,-1.2532512250373413,1.5331368859484142,1.3797503714733044,-0.829651187079073,-0.8564858872844036,-1.7035914606770122,-1.308647184078502,-0.14996318973154557,-1.5449512766582054,-1.09339614519068,0.23093646826327505,-1.71284292112121,1.6667110367402735,-0.9362787743910846,0.4097089798351534,0.7510867872980512,-1.5498390750162694
2002-12-03,1.2240714718997026,0.2487385665556008,0.322327814344278,0.5909632039018198,0.9653620227385342,-0.9270416000861269,-2.870122833510513,2.6675536106512956,1.8745877679271699,2.261996484922665,0.26461866400689565,-0.1732327591871437,-0.5384705601932789,1.0746717528059426,-1.735602467163418,3.0,1.6345281583510116,-0.06261799333514657,0.2537145757866279,1.6515182263159194,0.8516029904417258,-0.0067497317773650934,1.8339916004850767,1.0973269600009412,2.4105858398620743,-0.8384479333423693,-0.6226843042065549,-1.5599120536660107,0.5317828668316416,-0.9616937655659149,-1.300884914387989,-0.5672239015836706,-0.5746796346026626,1.354308580311879,-1.0561255318616538,1.9782000227443266,0.9836640340340138,-1.461751300273342
2003-01-21,1.818019696949999,-0.25523772181495563,-0.020106652800163893,0.4074583455774638,-0.3023115913445813,-1.0611828507893912,-1.1966844710001776,-8.989446118107889e-15,1.9348124052495463,1.3988043939440657,0.13997300568289406,-1.0253547174940567,-0.6620311071533121,0.2195556541953504,-1.2588472185933401,0.6664857105275201,0.9794055978104734,-0.42798068935650807,1.4160186991634927,1.956110712427187,2.204261592965486,1.579635891552105,2.090124035180302,1.4250710155476358,-0.7256525265476532,-0.5448831539818112,-0.656827461691205,-1.52740630419999,0.6439241524054768,-0.5545487547825436,-0.3924332975595927,0.13449225889097283,-0.6682836509656443,1.9865755129284108,-1.8993706293015489,1.1195101449698932,0.06425870603369163,-1.1929505357485908
2003-03-11,0.5848563433947612,-0.6484864308031852,-0.6258396295672811,-0.5633549517994009,-1.3507866117133165,-2.0293861285989254,-1.1382834002914022,0.8081285179701724,2.010675353857926,1.8718579258890282,-0.5776808680361192,-1.2307875177228929,-1.7274006288220243,0.26175261850802967,-1.5883832975717842,0.2780651245196057,0.6575857606922675,0.37912626335324534,1.914330789046693,2.01689261638523,1.450314827836859,2.0053318243736795,1.8414312421877006,2.0485792188042775,-2.8194459163437853,3.0,-1.3581379546923562,-1.032201689047893,-1.7386440770340796,-1.4507560743005432,-1.513557742770006,-2.5626008169723766,-1.3441843519657186,1.4231422895325456,-2.365375269595786,0.4321281240892185,0.14516921626085116,-1.6265208137222924
2003-04-29,1.100773869305095,-2.159716249007987,0.4536776942781561,-0.6367547681792631,-1.7148571586795545,-1.1387947558501903,-0.5708118744798445,1.289425613001178,0.8660838991812817,1.169634475196602,0.6478681180730244,-2.1434120902066147,-0.04057226759572524,1.1239291425305424,-1.8518779460692814,1.8814310276731694,1.9600353193766442,-2.0588041510947703,2.256358875755944,1.7877325468948073,1.7967146429965004,2.359728729115486,1.6649055551884988,1.7123259214420588,-1.982194056234975,-0.8338149271191433,-0.982275228370795,0.14245788799055098,-2.4868355110504923,-0.7708987181373751,-0.43357166825417315,-2.084273358907904,-1.001413772774439,1.762568511028101,-1.1104546905740253,1.1162855770430251,2.204609932422725,-1.7349011895455753
2003-06-17,-1.5376253719010133,-1.1733648108472683,-1.932762961062013,-2.7794957247727456,-2.0574582048427965,-2.511808604561662,-0.41557332067135944,2.482137721205129,0.5061854900380941,2.1112606520195825,-1.3697851036056121,-1.6531928394338657,-2.361637183163792,1.0803010431952043,-1.859188548534084,1.329667477294474,1.5033187098454122,-1.4920725450266437,1.9134316809455887,2.0096812095827836,1.8466424023932928,1.9279745923382963,1.7028651438380134,2.0907647834519127,-0.7929623826526719,-1.2716801016371708,-2.03585355659333,1.1253408377935412,-2.0230404611727204,0.37053276901870047,2.563007670252374,-1.44489394054787,-2.1722473721505504,1.2570731554232581,-1.1204465441931422,2.5340695973595,1.4409038029728627,-2.083717699853387
2003-08-05,2.2085043603343752,-1.5249557021039082,3.0,0.6950424550118238,1.322238223154051,1.4856486607322323,-3.0,0.4902870425901252,2.0496055154969772,2.2214312150091184,2.9901754287935893,-1.49192186545983,2.1749024927642173,0.8985332129884493,-1.6446613056064683,1.7368641492527017,0.5455696642876379,-0.47207244848179103,0.9933713733198954,-0.015491867436098958,1.2672664797510824,1.2457631955798592,0.8351182447418909,-0.41856583453027485,0.7710190739263852,0.3106638866607075,1.26109819984771,1.9057431501148505,-0.8946544832078339,0.18800404282253771,-0.640223175074367,-0.15855820759497496,1.3451634403145458,1.594191163339636,-0.9572011240004011,0.9126751269834109,-0.36933182113703056,-2.7878801116754706
2003-09-08,1.9250531479398119,-1.6194828959352077,1.6984917082994155,0.899216160675303,0.7088916350762218,2.1393671789754443,-1.5820244581055407,0.38886000738799187,2.526734733008066,1.7784303889450452,1.699310106958335,-1.5728421000089494,1.4690262019405838,0.7722019017945733,-1.1749658835940322,0.08336390522058432,0.37460988909497467,-1.0639378046976622,1.3180728033159446,0.2605917633774615,1.5478523318898465,1.3831510165909586,1.1495842316457063,-0.15395052890634636,0.5137899354671585,1.0135677948454587,2.1404315808243957,1.374280420305207,-1.071813381511455,1.2460793377890533,0.1249046658808629,0.6359889714945351,2.15828290423585,1.3385474163301527,-1.1745458584660124,0.527554535435397,-0.36558839954942196,-2.4290032586439243
2003-09-09,1.902551639274211,-1.4222461829556223,1.6813372557499309,0.901390134170788,0.8391617977832767,2.115025063520502,-1.8911204570670894,0.38623726273411896,2.508603154190295,1.7615651975595632,1.5992662068169012,-1.5733846019681952,1.3425444760984726,0.7687638626869562,-1.1668525802138516,0.08702487004076062,0.3695542050955177,-0.9426102699083803,1.3511572923044688,0.3094002180856149,1.5545754375578458,1.4181283550124653,1.1931545353518938,-0.1084929613373348,0.5228347519016955,1.0087686949980712,2.1291847147600387,1.3627819543858684,-1.0650941268602028,1.2419071866957534,0.12427085030100737,0.6376095652440791,2.14715463266202,1.3359805680528767,-1.1832215242333786,0.523190353780314,-0.3654785003624215,-2.3944290966274906
2003-10-21,0.6323338045882074,-1.6275497813994273,1.3002433557267117,0.6371210540191564,0.6204909985506801,0.7967044136091233,-1.1702502926534946,-0.6267699253186312,1.403605632615038,0.909939184739007,1.342489547811617,-1.710412175749322,1.1907692428552543,2.3657173152154916,-1.0029198273432007,0.5960766320617024,1.671538400325597,-1.1857148514226605,1.5695534150202486,0.43953370360809313,1.4813466655362484,1.4946389934412903,1.0285994150939577,0.11995792325733691,0.6619169705882595,0.44157365035273627,-0.2540752965787616,0.9878783399072167,-1.0105542655928192,-0.7764045082510254,-0.7562908433707686,1.0449389214086542,-0.18156716741480367,1.840895068807489,-0.9196089768084454,-0.3226806175966156,-0.5181779895532596,-1.7917042413348354
2003-12-02,-0.4186464528172971,-1.704417184727216,1.0328537526079218,0.6771346823138444,0.4576872268963112,0.21639649204040387,-1.0152447971860319,-2.6151260284360838,1.6930880729550806,1.0364972848535494,1.0070593671770194,-1.788579749149925,0.9351745586615473,1.6718937086958978,-1.9615157830469625,1.9624748900111948,1.422436943536747,-1.311644083568594,1.760441135381901,0.5818338804091935,1.4396784913146625,1.630542083038047,0.96959739340827,0.20876694318921638,0.2454492479501172,0.6174582530281021,1.471577544916429,0.7624928516630285,-0.7625067264721774,2.1645390225352967,1.7713700337598273,0.2046735569804565,1.360434174240331,1.3887677801462066,-2.4203838768393235,-0.8315996693832179,-0.7157083328088476,-1.6403311910913783
2004-01-20,-0.05853235532619287,-1.1843198620866362,0.07804800732833404,0.0005431130304347965,-0.5626674219414777,-0.4938982124371016,-0.2691679235284334,-1.5181997951403672,1.7811262066409763,0.2507107794982807,0.15469990748962262,-1.7032513016759077,0.01886772460402822,2.8927918982306204,-1.5978392590002326,0.03203352006069918,1.8019443428807747,-2.044885406812245,2.1672216369995763,1.838786045813726,1.8701823270864186,2.1401763110180423,2.365275918521141,1.4292883240122942,0.657715623949313,0.7878098248280574,0.7274129422293738,2.5243720300087173,1.5622626269048336,0.28554817474989924,-0.1707525418180274,1.4609296144499098,0.7580018256613318,2.048555450489848,-1.8853802629335057,-0.8757778944713013,-0.27610510998778554,-1.357509111964534
2004-03-09,-1.9211442933779888,-0.7359041959617534,-2.2316614355471733,1.5241624887284482,-2.3499875313490706,-1.17958362384928,-0.275392285613159,-0.47272923494815017,1.95530154615334,2.304147240052616,-2.646734097761138,-0.677287223874786,-2.3319734766463074,1.5362484872724889,0.40842964074875737,-0.2216713565776814,1.1576480023208273,-0.5959560972357526,1.4468258938841478,2.3793705609966684,1.68221622589931,1.2209807204398928,2.27014084638153,2.544742572355891,1.1318266773753802,1.1192533754971812,-0.5820795690757034,1.6449566416599617,2.019422498154777,-0.9798870138316267,-1.2219971727744738,0.325941853635487,-0.5199131972052335,1.432235502762021,-0.7738704559548232,-1.6965694485343235,1.6437228366499521,-1.3667956382306181
2004-04-27,-1.5175066492222031,-1.9708603508379612,1.1950152143793507,1.0711361660599483,-0.025402634196948323,0.3679220893129696,-0.3610683735381673,-1.1710015016455508,1.5679882490134207,1.4472739154588874,0.9990551517643603,-1.3521863951194062,1.1792902149013578,1.4470833278813895,1.6780872788217243,1.8105621646016785,1.2629415537248807,-1.219283224445287,0.9810765707198068,0.3551012346261902,1.532389631652705,0.8773293696848888,0.749479122251507,0.2850501747510987,0.6929716770434565,2.420904895861799,-1.1786718936624836,1.4306490195804278,2.546572489550492,-0.8628293786549959,-0.4573135169875075,0.6034830360604962,-1.2058752066661196,1.886695103514024,0.5003959803881832,-1.18402925376634,1.4149702272649425,-1.186995327254434
2004-06-22,-2.8381054305637505,-1.3490909667614253,1.4762650587398456,3.0,1.0853463116702649,1.6753218912991006,-0.0036129817873674923,-0.8824858372631494,1.800915115069472,1.4750083156880347,0.36952221571739735,-1.0916503389744407,1.4820222740563835,0.9831926999611701,1.9848884564146534,0.9571600313417477,1.1455799413454326,-1.6471776636007882,0.4671555174617181,-0.5388242238856766,1.329183189802814,0.8232569178050124,-0.1465101740238559,-0.618295031910205,0.5658686961420907,1.4887164704413998,2.0524080984464534,0.9112635266683734,1.969287506997339,2.276473619715736,2.350228751526768,0.6284767596966211,1.9990035756896483,1.2427831138255099,1.679726390408144,-2.8226258608265122,0.8998717675489749,-0.5587109990050569
2004-08-03,-2.2096061651775805,-0.3601025812949918,-0.24973572926239543,0.5540234093240223,-0.5093443301253785,0.6750828606336545,2.1376711546331495,-2.6392553551711466,1.493364798435298,1.159158088200212,-1.281763425649493,-0.5552596372258265,0.41988185318563176,0.15871658395147611,0.7271290373965514,1.4204442623042275,0.5016150801564405,-0.19765023965063516,1.3194221753046227,0.436372493659511,1.890199586055337,0.7123130843599216,0.7790376018499632,0.4560885557190472,0.7980015594757949,-0.5190066510924823,0.867606710547439,-2.1858706649363655,0.8334016513431058,0.9971922504154754,0.978769789675199,-0.6676995328970623,0.8289711793968886,1.7229408376555007,0.9431597929399446,-1.4740724658210573,1.7363300905246501,0.2560320137569207
2004-09-14,-1.8005917957524462,-0.06389321023849517,-1.2847438614899884,0.2711856981221647,-1.6225231242767255,-0.19914013767005895,1.5628654053668742,-1.5854728810307104,1.6228832682338914,1.64747422404021,-2.133715125514904,-1.4194889088124847,-0.5551278071638676,-0.5494189600620222,0.3341870104529057,-0.6711823537036511,0.21408732238554817,-1.64140280595874,2.715221533919348,1.7103292499641396,2.424017317863864,2.4524334722221592,2.040960541765047,1.6394046716253075,-1.075028064727869,-0.6934039887099486,-0.06120585526245961,-1.5274120219286498,0.5167935452733823,1.212112576306914,1.836636710055797,-0.1836545664528406,-0.3170948097804786,1.3146865486555739,0.2789987933745582,-0.987421816966323,1.4937824510449078,1.228461860653948
2004-11-03,-1.5653359143223051,-0.6371734388796135,-1.4050390435576645,1.1753214209013738,-1.6358794386261652,-0.9136299290134078,1.5862823420575112,-1.2296340919147557,2.4290676666700777,1.3300582563695384,-1.861360981240455,-2.476452392062422,-0.7405166129382786,2.364354513681101,0.8063887303755273,1.4840777189693195,2.425419182945524,-1.0988680228592187,2.435700704287129,1.5908582409340881,2.1186198851299,2.8337425874631514,1.5910348047316787,1.4560604324445396,-2.5866145840051638,-1.1821481882927947,-0.4842767690778351,0.6176044870841196,0.6265969253509429,-0.0840023300062697,-0.023873554642956225,-0.7213558949438034,-0.5762918932820685,2.1707971357903166,-0.08956746834772657,-0.8603772198273746,2.3498145102361465,1.300889293740394
2004-12-07,-1.6560849589549498,-1.9351034030990744,-1.3146043863068,-0.35777075871548747,-1.5627158965677774,-0.5044392779130764,1.6803492282315196,-1.1060293716138816,1.717801800318473,2.2673728807729123,-1.6188605364366573,-2.2721766998220647,-0.5547623148178124,1.5913629476350113,0.9181105906980256,0.05199581509304976,1.6432229306825676,-1.0493852777137058,1.9018237910295819,1.3545317442905729,2.1216024711891195,2.405303195573856,1.1235539671505987,1.1702872173843362,-0.9277335298805168,-0.17632422056711688,-0.3703851561299432,0.6176044870841196,0.7818079918294776,-1.3907950718673838,-2.031890524579582,-0.5090441274692123,-0.2170134762578005,1.566706677621649,0.032897086529894676,-1.8243974581976723,1.5904555361035142,1.2106909765216027
2005-01-25,-1.8752604489330755,-2.4053389339770916,-1.295042900107517,-0.3393605235193107,-1.5877074137852132,-1.0229990173448724,1.5781082320719544,-1.6879710397851946,1.148256609151998,0.4412768712387121,-1.3639770254309145,-1.0376654486520507,-0.5490212891327814,1.4424288007165775,0.6801961817392009,0.17397368173723152,1.6655262201935324,-0.34923267185024465,1.2712468345748966,1.275389687553981,1.4992799004997146,1.384672576521736,0.8861225069287414,1.1370992572647294,1.6858359406373726,-0.4632666136351968,-0.5125514658213098,1.8578676264233587,2.047290351100136,-0.4704237165742374,-0.4557296089692885,2.108787494714282,-0.496695876604596,1.4208900518556105,1.6211358348788634,-0.40777412465353624,2.8008644943210665,0.9749053034111033
2005-03-15,-1.5302611903756604,-2.269085628462553,-0.8420428753579869,1.3882524331879407,-1.328047187758303,0.5920198232167903,1.6714049532010127,-2.63539755091039,1.7323802962264014,1.622081090802359,-1.0658514644150845,-1.6823165705394536,2.2472585726148595,0.9659971549345855,-0.9772728527536018,-0.4675946960768633,1.0881566854453848,-0.43214327433461774,1.2681432083255568,0.34341474021357277,1.4642238143945585,1.2581619808125817,-0.050684324237067244,0.10689591619327737,-0.7886540946086074,2.2210535687129767,1.3863752243429008,1.2935069896899622,1.627272147118539,1.1262237506739832,0.5136180336876882,-0.6302683888794018,1.1863228908753831,1.0089168203713792,3.0,-1.1035975523163208,1.5211856250143727,2.6762083366322758
2005-04-26,-1.5625377030345546,-0.8660469726237346,-1.645221173594285,-1.322822248650506,-1.4061620946583917,0.3107213932378719,1.4963499585303532,-1.6066653264780053,1.6241243004360206,0.8691423928092781,-1.7519232987376179,1.3940373944362867,0.28361765741228523,0.8388053350596657,-1.0089276718480258,0.7369930621669943,0.07700684649734027,0.9603977277761089,-0.05385031417953153,0.7864891376400537,0.45538512387491026,-0.23123049874343468,1.5644152541053806,1.3480802079139722,-0.4616125446075032,1.855260193954664,1.9744444035957123,-0.5375690913074165,0.029133436064802565,1.4898353015614885,0.922205900794198,0.45670061921272936,1.877381924928638,1.4083495050271995,1.228205121019998,-1.4020889837886163,-2.142950248847063,1.353899015900526
2005-06-22,-1.6570676298842777,0.44114183482027536,-1.7598028180697174,-1.0021931991323338,-1.349808227399269,-1.037791467071347,1.1372683904372571,-1.9159127494501518,1.217466993786935,1.627906020285316,-2.1491871893790666,1.0231910168824019,-1.7690696751381465,0.9681838747543906,-1.8085093970093835,0.479634999016557,-0.7287196494775618,-1.5300697232799738,1.1635210152926967,2.541519347504767,1.6579789082157415,0.09910536019419358,3.0,2.6994749694565296,-1.0882696797128353,0.8265496977946775,-1.3042030402993416,-0.9814416009840726,-1.6532705350461998,0.20237999659048952,0.5422279845707457,-2.347538506128639,-1.6164546083895237,1.3071140301630337,0.21898599892237777,0.3607655960991351,-1.3142399234651376,2.182333863684905
2005-08-02,-1.41218331318302,-0.76288437143801,-0.8720815308149223,-0.7095562450027403,-1.0769677846919548,0.2842707335645466,1.3150538872545172,-1.9963957716920855,2.7954379761379533,1.2796071468510462,-1.589679788233806,-0.36486841283658195,0.7210343943902343,1.6812837478772877,-0.405745424325864,0.49186657951925705,-1.8941225877393877,-0.693343347809568,1.9784449798519261,0.6671083029247559,2.44154308111875,1.2259638144597373,1.3223117753240035,0.607064643481402,-0.42031782098094234,0.13705106813325574,1.1719206975080145,-1.4796061865193233,-0.078864765746567,1.2610603211883666,0.8602614873587439,-1.275125959492248,0.9296794647770646,1.7843346202236001,1.1358370658076928,-3.0,-0.7571962358412997,3.0
2005-09-13,-1.1315027769124935,0.829017143654622,-1.3274129689325262,-1.9949614765806885,-1.2588527834561198,-0.2553942751834704,1.3496486097401243,-0.8146137481687943,2.916114355763557,2.0737805697918246,-1.4493796802367038,0.1633215383148238,-0.505269421676281,1.4698060074211372,1.1681383445463198,-1.5611394836523047,-1.3284512120387664,-0.29683839469290657,1.6127493810327973,1.5097920427794567,1.9372402451847404,1.3046995891417463,2.237907230887438,1.4924001569230672,1.9268337681630883,3.0,-0.758483407283741,-1.1030152873845698,1.232340008338718,0.33053797774968763,-0.015054352032862643,1.0041186233440358,-1.019156956253968,1.3116629732676743,1.9691538743082477,-2.916189401336669,-0.5645021951175135,3.0
2005-10-25,-1.067591993814061,0.49513996584551667,-0.6652196822034128,-0.15368041601791937,-0.6475448945398496,2.257165197179793,1.476537563706861,-0.5576787033249319,1.8002919786972449,1.2514292048465143,-1.2516076702799805,-0.2202448184841673,1.7214140302038416,2.6821716140204783,0.8536703609316262,0.3775284766980789,2.2784527537408485,0.9946104180880792,0.6410890763869684,-0.2967945115628675,1.5144536491695477,0.1661560223214875,1.1337415018268933,0.08768001316705001,0.8285284467516058,2.1732799781465637,1.5721485868591565,1.2547264399447804,1.6944470981703696,2.4680507455338523,2.451342023446476,0.16903184477805266,1.2571332815065617,2.0077152071033675,3.0,2.5236099479755523,-0.06058479191276873,2.3443939980516144
2005-12-06,-1.4084908848083948,1.0292467617403949,-1.0602129057290204,-2.6374840046818115,-0.9129389365780521,1.7371715817680655,1.440737884330753,-1.4526434385987308,0.9415588375434762,2.181375704306018,-1.407554977482494,-0.048457393363139215,1.177049067801293,1.6018634966726275,2.258391381284648,0.054691508513815885,1.5798587022156132,-0.8849863044115461,0.559069404175388,-0.15119183899382063,0.6739426104202588,0.22101048252247202,1.3265568192652113,0.3214816248992201,-0.7883759432458556,-0.6960411593627719,1.3097082208467843,1.4799357665275155,1.2267812480364777,2.288245549812268,2.5562680818654,-0.06745578650548316,0.9592128838457475,1.4588152170811346,1.446302985840093,2.1773868840928605,0.8159749685719223,2.6682094058062678
2006-01-24,-1.4269709505441548,-0.18994388347141694,-1.7938863568950147,0.8430914738507453,-1.8502960162292328,0.6251354823481494,1.5065896666505418,-2.654893246402348,1.1127011392422077,1.1534395533134214,-2.5375301431108155,-0.47099352193123106,0.5778893137319168,1.7402485975235857,1.2327684575088416,-0.07268190938317479,1.458756453778465,0.7036678252234586,1.6516450942622265,1.149028680149083,1.490373900582573,1.0001935183560664,2.2090109671631804,1.645518421043101,0.1377276039491965,-0.7721406658028805,-0.01803215078406436,0.3424882271695335,0.4159687513112165,-0.40614551883725736,-0.7066300065046157,0.5922920303990057,0.07050280602514764,1.9066016080551444,0.9637731512725116,1.7160350827257997,-0.254789057131997,1.676593809210296
2006-03-20,-0.828149021099117,-1.1942978797403199,-1.1852930488541265,0.38627007350699344,-1.424857466084718,1.1499042317237664,1.4719912900978585,-1.6696670252719357,1.0373144288923926,1.9723175103098374,-1.577475549563403,-1.4025626096726589,1.4534034655694748,1.1312123307805977,1.910058196028305,0.6825611359521302,0.932456454260428,-0.42919354138065213,2.29975455844117,0.5560504943104909,2.064320934771681,2.227478739533346,2.21114569441375,1.009131452426598,0.39818067714633876,-0.68687037399154,-0.13135644144672273,0.17788761264405004,-0.023897540516413216,-1.7273672490508332,-2.111531714323438,0.6292314540199004,0.5155826623190672,1.2611545120953074,0.28255462484561183,1.3990349512308204,-0.8452442953087077,1.0438671697832322
2006-05-03,1.1335180388106034,-2.2229101450949615,0.016041141485455327,-1.2035711446132094,-0.5806189960779999,1.754108355542945,1.5285829639398136,-1.8868311361708485,2.3037992363589135,0.9253766570661222,-0.16132524326931388,-2.3866057224626696,2.5413176406229754,0.5245788763013814,2.6779116312453306,0.7127851016486032,-0.06483888504588585,-0.2841291006902468,1.869326262661023,-1.6557717111507952,2.096467548122971,2.6824995864765877,1.8072945988638818,-1.5408538987162446,2.3507892601476295,0.9387619891445563,1.8594127839217502,1.621587532500266,3.0,0.9512606858043801,0.6596177075085694,2.650126107169733,1.9479179007606606,1.687216362366792,-0.07285411794466866,0.6860085666325404,-0.8171718887952388,0.5350463412052662
2006-06-21,-1.0234009576114564,-0.7917269911342864,0.013166532514441163,-0.7560078406537921,-0.24029735413113087,1.6364657305617452,1.1870309144911901,-1.2286315364358447,1.7664583577955992,1.496025288365477,-0.19693097232441248,-0.11780518774864346,1.7461731434989316,0.21571969745320463,2.4539247843486565,-0.27372908673430385,-1.062284453845629,1.2007825834261843,0.6072885875247562,-1.3740296576190805,1.1690277933928463,1.045423612009022,1.3768407720090814,-0.7066777934594671,0.3771271963182253,-0.12046202093784726,1.409703041591126,1.3017529218158361,2.6337503102247397,0.4277745378142423,0.17848807557120272,1.0898143027638503,1.6010087162384596,1.2424994638946878,-1.0667839931852912,-0.04408801525407257,-0.7015739089999689,0.05685302727040118
2006-08-01,-0.05749867409566718,-0.41338811526251834,-2.4875277604586783,-1.3783490205759104,-2.0827545917082424,1.3623495363678095,1.635512282829986,-0.21023533249133053,2.3095193845640805,0.6830853732915911,-1.8806476020565637,0.4860200820276602,0.6730027444318607,-2.4923801202060902,2.253788050328508,0.5431509573588666,-0.2599503099982187,0.8109991026921199,1.423505170565887,1.2217431905485647,1.6513140200230325,1.3304773160040144,2.5856131179931796,2.1250565016850262,2.665384984539691,1.8081421649177565,0.36903178350269605,-1.1299254697492191,2.033081931420891,0.6145680786448704,0.5552339484049478,-0.680083076331681,0.22422148988179638,1.8601353962225065,-1.3412798957771073,0.5491242383430759,-2.433583376240674,-1.6491442291561815
2006-09-13,-0.4915888888126278,0.023742231561555128,-2.199811138470799,-2.3933868864297434,-2.2083057509905712,-0.031022538898337983,1.2334391995659844,-2.5276030104545244,1.0069162270490486,1.7411314440699142,-1.2587865120333377,0.5185801206734751,-0.36486805201704425,-1.541052955608346,1.398780901486072,-1.813396127944504,-0.259074892473433,-1.0232000005197832,2.6167244019777787,2.4387505185464735,2.1717128339763665,1.742500919478782,2.392843405417193,2.6384935818164643,-1.4239543953748983,-0.6291832995936018,-0.7891699183080755,-0.867410842614987,0.9592856519758483,0.0669051785170879,0.18635789883538625,-1.3869947113652954,-1.0465368031966231,1.3749213729403569,-1.3003364490096283,0.22915948510048625,-1.5509186418492373,-2.1913186460971046
2006-10-17,-0.6091707959298611,0.7373701061641985,-1.184723715053348,-0.8701801324177519,-1.1780631348379995,-0.8030701479106124,0.8333491401314486,-2.373498014110179,0.1812533600451255,2.195770010938579,-1.673855266387853,-0.516053739965877,-0.5790900129955846,0.515984453712954,1.3353804135859468,-1.3673519519149975,2.675386451373369,-0.7412348051535885,2.376002222455345,1.7870828454779617,2.207559385349612,2.01614026311382,1.8826723618539578,1.7812515930331634,0.5011952079210042,-0.688480161673065,-1.3000164503671674,-1.679729663510048,0.3763828150990026,-0.7344692564634817,-0.5941960766924949,-0.19103903802644187,-1.3955611228756446,2.0940651365433,-3.0,0.7004745148092075,-0.09802510410317791,-2.089242633776469
2006-12-05,-0.6463600753674072,-0.6393968984786494,-1.5769354288073003,-1.339562020466616,-1.6522895512327085,-2.139757144956833,0.5150105574906384,-1.7343763839676396,1.0056412544490754,2.4236686998706047,-1.7014251347903129,-0.6392960844380654,-2.1581615296827725,0.6420442281447968,0.3403165595128645,0.3757932829048526,1.6465006926881671,-0.7890641833942317,2.3012397290656033,2.2044398139224266,2.03183936994742,2.2912900475134172,2.0681029790574827,2.1541639364480707,-0.831403041869324,-1.297606872313504,-2.1222899612353543,-1.2044166321573517,-0.1674643585924515,-1.9469385885195114,-1.8302166229436825,-1.3616141752627406,-2.113384343150087,1.4025393984040957,-1.5024686379419128,0.6426821680803686,0.09238261267873547,-2.657546030939271
2007-01-23,-1.1035100921732233,-2.245113800659919,-0.25758493951161593,0.571207206127188,-0.5782568766222873,-0.971760990572247,0.6026329972166768,0.43583660396723756,1.0971689650948384,1.3551798278733356,-0.5819814259952015,-2.851570278679376,-0.052244407255293064,2.211858587833167,0.07947296024453884,-0.2886725697091295,2.073091390968016,-1.0463830681250446,1.8281773915307034,1.0422014705440852,1.7498409110318325,2.2135150572797686,1.3703575216658226,1.0075092465380129,-0.3952039653535996,-0.7167777931125946,-0.09892622653945222,0.9956803253779943,-0.1953138236219632,0.27934720479933756,0.45431072373463305,0.4159687568805847,-0.17648901961892322,1.8999606213061526,-1.05893255436076,1.998627202955057,1.328445736546399,-1.9068999422306447
2007-03-13,1.2564679683940496,0.8415363647741695,-1.4309357064742705,-0.0038831803751738295,-1.0218440321472078,-1.1260585002431305,0.0711090388902809,-1.1539076469924197,2.455899885678035,1.9099607861502923,-1.654559125134792,-0.6516487686670545,-1.458852023920638,1.3997209403829043,-1.0707853019236844,-0.8772153383334332,1.3107491131208944,2.8880006530147897,1.528056662198513,1.700299606084912,1.2841149614778427,1.5372674129397401,1.8877284893075743,1.7703873071528267,-0.7553999874763693,-0.5036269705902335,-0.5110393923975672,1.3982187087754032,0.3619285144135309,0.5193271956394463,0.8648370801108787,-0.7854612909765699,-0.7496841074658087,1.3591971510765004,-0.654118762887421,-0.22111706749786506,1.287595239088617,-1.7656281626252732
2007-05-02,1.2081850022327794,0.08613265689521672,0.12519600749612858,-2.953125055971947,0.15896494783237333,-0.8931063072468571,-1.2544341035768687,-1.0543263327285297,2.331410547438281,1.0580468834731351,0.9839756818573654,-0.9577717949350875,-0.25398471886356183,-0.7085958721762701,-3.0,1.477610578950247,-0.9074082609429897,0.6332402292383774,1.573855014320211,1.4711758592595892,1.4284216318707872,1.5331732509387261,1.722512440401464,1.5392400088748595,-0.933393423618645,1.2524973930583074,0.6478283183480034,-0.9410231457599065,-2.6165150267205606,1.1313317952930542,1.3302822388777291,-1.1687657841477868,0.49193845440333667,1.7656838197573457,-0.4954113292501629,1.8860863541909518,-0.48530630672800873,-1.5847866249647955
2007-06-20,3.0,-1.1725080114063118,2.646097678895437,-2.423507464655241,2.329198480793779,3.0,0.7009338125942016,1.6376794508359573,1.587793040217314,1.4815313898156077,2.9309905613107325,-0.9611078381324902,2.8191183852203134,-0.9755038110434606,-2.317455632681041,-0.6653884581176999,-1.150151553599872,1.2683490215796087,0.9894128255310947,-0.44023407469867687,1.1171203229574052,1.180821227359397,1.338290791261666,-0.3105038574146193,0.41609153662319476,1.8625612645647076,2.110863112454591,-0.7453559924999306,-2.124725689876832,1.7945718019743786,1.6450438591583814,-0.46672122750004985,2.122721521683974,1.2662488006327395,-0.9747969620757849,0.13468809435788107,-0.9578335976065747,-1.3224649890248892
2007-07-31,2.03521489221586,3.0,-0.05769563873945009,-0.35460496004727105,1.1115455184864433,1.8596911118844681,0.9087803106189871,1.821843579428477,1.3357036205389103,0.6363243404595181,0.14549340594125248,3.0,0.08048996077880977,-0.8968413261359688,-1.7441921458988994,0.8788294845867631,-0.14241888599701794,3.0,-1.3079486704895378,0.14093452024293932,-2.6180449817136773,-1.1016863825640641,1.8733026775763038,1.5925573153557713,-0.18932489373551173,1.2722928503257547,1.1929731563499546,-0.2525460899698413,-1.6740080675922409,0.11526448011289514,-0.14062825509934687,0.3669725846149466,1.4264035607067105,1.728064630356274,-0.42354004534278883,-1.4527359846436914,0.9691375656306707,-1.2539282506489786
2007-09-11,1.9909454557854462,2.725015249949401,-1.2343600174272156,-2.6307756192661227,0.6862767722418075,0.3991318757292998,-1.245501042356061,1.5119522921013904,1.571675765058237,1.7341298890354593,0.9496087035005925,2.5429294517923076,-2.094730164647166,-0.769129989019984,-1.2897045321725873,-1.502355758826505,-0.14964404762506184,1.9272018407102502,-0.7207315326498511,2.0046028559207807,-1.9721701428795522,-1.2077404177728799,1.945438698915415,2.7747050550384564,1.1993492919191444,-0.6007136908491113,-1.706365657653005,-0.3646880107347389,-0.9408942583546862,-1.6221147288795028,-1.0523054687584998,1.4058621987924367,-1.5652671643663572,1.3303222459735067,2.58362198084737,-1.690014050484756,0.7006925509359051,-1.3660756097349958
2007-10-23,1.8729971006839463,1.2077995381541218,0.6147683175018797,-1.0484134540639698,1.198165241449672,0.018042037720464272,-2.332720736528635,1.1464550746954796,1.6192870529768861,0.9645478186031677,0.8371719145113382,1.3603880548381724,-1.5837951314755951,-0.9877861526618005,-0.8738049396845498,0.023843020589518708,2.3489690597754254,0.6878104178596269,0.8541520460755107,3.0,-0.027678488109816532,0.05455082680894826,2.297374863696101,2.671189830867011,0.7877508249090686,-0.7837448443561343,-0.8194929299601201,1.5590054065411278,-0.1946918970222196,-1.9267298358104812,-1.8656976529491829,1.6172250723309989,-0.43712241421485154,1.512052905481615,1.4049153624953463,-0.8031259826534595,2.9708996990687537,-1.1752959895292194
2007-12-04,2.319248063700626,2.798824006404596,-1.1555654033245826,-1.7595845147692872,1.4034965814171625,-1.5146316222740146,-1.7860053042746589,3.0,2.319396589912515,2.1856452784792246,1.326847173666681,2.2012432742483434,-2.6045974705808534,-1.0808902055188878,0.4319205921319801,1.1458083025331456,1.6310052033372902,0.9482329781966016,-0.6420191389995568,2.181783822429783,-1.4317335003488525,-1.4278356875716154,2.2034956173676905,2.557310070681192,0.07182814157448283,1.0368713386652695,-3.0,1.5590054065411278,1.1728490145068418,-1.6604722187935423,-0.6322414725243034,0.07090911051750791,-3.0,1.2121862453513232,0.45393451629716774,-1.5517826473941918,1.6635722046686605,-0.9120805373992169
2008-01-22,2.5048377312975263,2.5675479309672222,0.4983986687599186,-1.0408760214806547,2.539064781068617,-2.750748914459028,-2.6443673122968825,1.72721945311533,1.7512102907218632,1.4475110121747414,1.7804475495882126,2.439702412426392,-2.476490418360512,-2.4555995639712274,1.379688157169988,0.08029989260973229,2.5616485438726713,2.205774191241113,-2.022002342525932,2.257881848402846,-3.0,-2.6970245724867197,2.539668445971751,2.1054465907537376,0.41859654908717286,0.8076424269829021,-1.5420979990443278,-0.33006346589490376,0.7445592571058907,-1.2896254280179866,-0.718539225500743,1.274905184251224,-1.5198109992191908,2.322794197504826,1.7976135341698356,-1.2070091022975804,1.2951036496151394,1.8012970184440422
2008-03-11,1.9082149015734222,2.170420061164021,1.749649714340213,-1.4359722873574372,2.203662896321392,-0.6563407615364567,-1.923574780434499,1.924099321403667,1.6755228004511618,2.6701776209331447,2.4962906896491073,1.978523408399329,-1.506153547002648,-1.4295473548198994,0.9274554845782312,-0.4737250556592038,1.4767185079253704,0.8586304810452233,-1.939801932186603,0.24494787821585762,-2.041063851929107,-1.879465261214731,1.339706761005252,0.9827002361345683,-0.1152053000509302,3.0,-1.9963364437302555,-0.6002691797196891,0.04221608552409451,-2.722060329418833,-3.0,0.7411928781319551,-1.8615403417222394,1.5379767235551847,2.6980537250667673,-0.9490279237417749,0.8999027089830317,1.7028787767787152
2008-04-22,0.7349727949281771,1.1290752300711928,2.549899503749886,0.5007836961008734,2.0059115173407656,-0.8573575021366464,-2.0053288459151037,0.816585660202871,1.4109099661910596,2.165424023414771,1.9486814726289872,0.7678959861902348,-0.7404693347211313,-0.6288706297336891,0.9743898733762003,1.189411071249036,0.7551431673720208,-0.8529590757771659,0.6546295514082879,0.3461103203572569,-0.22796641605170262,-0.29673968322488403,0.8359532345213586,0.7116125940740861,-1.8680088984171987,2.3997761044740775,-1.1806896142514223,-1.5428172842788572,0.08086656834290168,-1.4943629681481139,-1.4869954206941312,-0.8540606194548737,-1.0858780533339096,1.9182972320237304,2.392390896101852,-1.1251258132639934,0.6401853537792073,1.3077915801597944
2008-06-17,-0.05656786375117474,0.24670256578408215,1.936733104708996,2.082025939384861,1.480460319302361,1.3419732163673608,-1.35203302527433,2.286789300225636,2.2743485204536324,1.2894509919792279,1.0482127070542815,-0.07802034379678424,1.0434266611165601,-0.2769137995610417,2.396873414716727,-0.07445415790875667,0.41547255125467253,-0.5651632300074001,1.0290941497947312,-1.655403633992808,0.23343649835689673,0.7929428729469922,0.4458214980935554,-0.8399205979907248,2.136757572430951,1.460257985369657,0.8156549112219841,-1.1432320923800052,0.7815406786792235,1.1090089350388754,1.5993783611229186,1.6770125868652925,0.7736664729833365,1.2048613925181377,2.199061953863992,1.4740459486649866,0.7433227031816497,2.4737982777208942
2008-07-29,0.010614438492288237,0.436445248845131,1.1094081733864145,0.9939098139809489,1.0316875547232047,2.477658933105454,-0.8524207843257552,1.8960928877774028,1.9213359799316296,0.5488217714569225,0.9282203050940514,1.0974097576499489,1.049692514881281,-2.479667358477399,1.9873860549446796,1.7108162507444682,2.581113166746227,-0.41806067611633974,-1.0470541335607144,-2.013202120066509,-1.0716225576833154,-0.9732873539717533,0.46011221267077174,-0.7475291949982767,1.4618776672179432,1.0445127712342677,1.349288790861427,0.07459363910469109,1.6805851978699204,1.4832322034843837,1.7238565811649293,1.0474734114799713,1.3184483631690112,1.600595546659547,1.6656739428886536,2.253166395602686,-2.776565053001576,2.0087903976647596
2008-09-09,-0.5872083843280024,1.1108823236914203,0.39589003058354627,-0.001181626739615555,0.6151226461982011,0.8531329977787071,-0.7302611943805851,1.6791357882917948,1.3223500905613357,0.7383709526993067,-0.04885715905862591,1.761299448324161,-0.91400155310525,-1.591202772225565,1.5118422265555922,-0.6892833210452383,1.6055116286382707,0.7082747685279651,-0.45878290387627774,0.20920428087009565,-0.3968321898353875,-0.757393332361928,1.89326229621294,1.9027841764411997,0.10377163284531164,-0.3628695497788948,0.22259033393142758,0.7518094115561139,0.13010426049200535,0.49575320016975005,0.6614195407930297,0.29118370064334076,0.16285803258263046,1.3417458014155161,1.1969113186299314,2.1334008263897686,-1.6124326907526108,2.3846669457102148
2008-10-21,2.1806388201058113,3.0,2.209096438021255,0.7003464573146074,3.0,1.2443591412308788,-2.7935523103571565,1.805815300654892,0.25573158064069385,2.9207304605885356,0.8392001720358739,3.0,-0.275301787416403,-1.794076499463049,0.27865922658477293,0.7635958407377593,2.7562782843722244,2.494836446569411,-3.0,-3.0,-3.0,-3.0,-3.0,-2.712352167240207,-1.2995802566309966,-1.503377738119007,-0.5047197260487721,-3.0,-1.4668160642883348,-1.481685534161141,-1.8149140134465946,-1.6970506631647666,-0.22715296003704147,1.0904529955811937,0.6760838594701586,0.43190665498045444,-2.4279995065627666,2.229418421964315
2008-12-08,0.34193897270378987,2.106211498510582,0.7925410720658659,0.9753232715846096,1.7333842968353776,-2.629803725889358,-2.210798327884895,2.303887612776161,-2.234158773661298,3.0,0.43358462961484706,2.4237194563692857,-3.0,-1.1586254076754563,-2.0596505111219123,2.125181957032562,1.5111138550378331,1.345976997514899,-2.1652276992337636,-1.3076264626684209,-2.0566573953583918,-2.1530631569028587,-1.512702563593089,0.24871253777332827,-2.860302673505787,-3.0,-3.0,-1.6203810884156686,-2.8277618408239333,-2.761878987300775,-2.4674506684265416,-2.3685671302353946,-3.0,0.8710131181379956,-0.9302437685429704,-1.7389442588406834,-1.4229767163231295,1.471044651133052
2009-01-21,0.2923271157435771,1.0506826994938592,0.10682589420316714,1.4343989804075878,0.8408318270462015,-2.337634577018438,-1.2664892867281572,2.0485844788902874,-1.4316970594292693,1.9664156144089673,-0.14203088309701425,0.8802815181589373,-1.5781981620684113,-2.5133638557336466,-1.9025329676161724,0.7835262758182727,1.7936487611032534,0.4651132717667758,-0.7957929752210822,-0.1367921752210112,-0.8521039117365589,-1.0226651604543113,-0.0717592630488825,0.6760256168375925,-0.1998850076232343,-1.387486053256521,-1.7317300511025062,-0.8841120290670503,-1.5574186919929867,-1.4888306432383955,-1.365178107157109,-0.34865091768638773,-1.7807873128613436,2.1717274747383217,-2.8084757904547732,-1.0357246685610761,-0.4167167404773334,0.4040661542532534
2009-03-10,0.5950501470017129,0.6577506195778896,0.7257193029884769,1.1974159912595226,0.7592496471927681,-1.2092578122500681,-0.8919456847574957,2.0532666743041683,-0.8849799626097065,1.9168478763866579,0.30892070436530733,0.991705932633199,-0.5378814483920389,-1.599847102429106,-1.6594201473680215,0.5754349772439904,1.260314647889081,0.09729259487544384,-0.9235480548812898,-0.7235955182586072,-1.0267301867663445,-1.0892020216358633,-0.6901495207476654,-2.331859795064397,-0.4763249841036039,-1.0414411271631283,-1.1341564024782127,-0.5971508580642094,-1.426593199414817,-1.5743379639695139,-1.6583254201044535,-0.6655399008474202,-0.9535480209152275,1.6366673838905756,-2.0853595196289816,-0.9900978239690221,-0.04857575778875686,-1.41168029229805
2009-04-21,0.4056611688812442,0.18622493113859878,0.5404387865470158,0.7885453661110491,0.3640226588917855,-1.3016290987374863,-0.6768711307010125,1.616644235111555,-0.5434233034473946,1.389808408116338,0.2928465850598726,-0.062164602905060366,-0.34165331526898945,0.37238848425365173,-1.421269544077058,0.79422164844463,1.5836603771864792,-0.6001864862028224,0.3138573250340785,0.4553330623211978,0.06850643124773109,-0.045407167591954116,0.9728195402610803,-0.01720933767430931,-0.2768985821409225,-0.07369363412755875,-0.6167989853794758,1.2138154021066172,-1.3631270630731336,-0.041293104273674684,0.18293516482001274,-0.8207729886737688,-0.786219017147098,2.23584355360472,-1.7007587650058835,-0.021112131075595498,-0.9691426805491599,-1.6358357497056604
2009-06-16,1.236480811107198,-2.9866746405700533,1.4153531157697972,0.26244601597337835,-2.0383924475282478,0.5641770924790616,-0.1820899161054813,1.3922015852834488,1.1419371688997326,1.1729054664802936,1.4954207806160125,-2.2038496848035054,1.1834679176923608,0.6095210882191867,-2.047660094597536,0.722019024670409,1.250101459240899,-1.1257550695589313,2.3914704951789387,2.2751248110101097,2.5995009737901524,2.5611607452974345,2.274306573707774,0.08689580578813724,-1.4455917020268583,0.8813599858277852,1.2547058870009,1.5035072979694217,-2.1296487481595974,1.0007625655468753,0.9028240940781196,-1.5066982606652566,1.2790919540004582,1.2816099335060234,-1.7172352912431224,1.2684273499363685,-0.7453559925000471,-1.700752499387957
2009-08-04,1.1748054484540804,-2.252879293245342,1.4975594096174263,0.324638388639311,-2.5684747281927907,0.4515477155288958,-0.17898274450326568,1.1495030511329618,2.1202130455134607,0.37042816668122663,1.4897946259114225,-1.8022357150004682,1.4483829079534996,-0.2472300129179384,-2.404629454726456,1.8892783659943493,1.4259367886379286,-1.4706637829217375,1.9732130188150203,2.278923597294001,2.228054919182092,2.1737504317231484,1.8508976705391544,0.5827157459585217,0.32790795087035696,0.7193437973786797,1.831302813191549,0.8214904358864312,-2.1361650607840583,1.9738205933861948,1.9105828622692507,-1.1414107721500562,1.697764935743851,1.7880491808510293,-1.4424150671415956,1.5230390920149302,-0.7453559925000471,-1.4374781832405328
2009-09-15,0.9393805563889333,-1.5242987124078107,0.6727551693357366,-1.276037611101051,-1.8444848186772207,-0.056163567681817024,-0.16743920070658205,1.230290421874714,1.7039032734742008,0.6415309084215964,0.780229381843243,-1.4966279623753402,0.6590143789435727,-0.07524160423876797,-1.9455914253640674,-0.3779487535792608,1.197030981098705,-1.3321167136933636,1.7825962271306002,1.9168894774077885,1.8749742719188693,1.8962998778742635,1.7045974065630543,1.5004373760241132,-0.7772350871001906,-0.841153101418709,1.1864132667220035,0.5570860145311555,-1.7886744762533664,1.5705031977858503,1.6342760303674844,-1.1600386139345822,1.008516925133912,1.3492699636222842,-1.1049057794142987,1.2825261017055674,-0.7134297694435724,-1.2179918090989414
2009-10-27,0.7136958894775312,-1.1490291407596207,0.6876703850089972,-1.6153753009092564,-1.21487707725444,-0.30215773385457295,-1.7601139989783863,1.4047916587000355,1.536060643299631,-0.43755015443077894,0.746337750041809,-1.26349678134774,0.523887171527737,0.6271671507263614,-1.5313725046049054,1.6373162384074065,1.4777966481341496,-0.8178578910804516,1.5401372945529985,1.4638336143364739,1.618506974206049,1.5816159418297226,1.4066339496394515,1.336826947708925,-0.1083861292544823,0.658291670212943,0.2930840218032028,1.6804651704564575,-1.1962079967577857,0.35858963811830347,0.4007100890051468,-1.9962750544225432,0.2673214018707319,1.8451986265479223,-0.9503457616388925,1.3762558205734419,2.3213672680465085,-0.9731010119770229
2009-12-08,1.232359849957263,-0.7858889197630891,0.08975469175816506,-1.648422764984866,-0.8990351892138704,-1.5393738901959895,-1.0527138542081589,1.016708408916496,1.4960355543162798,2.751941773290209,0.3828677476862779,-1.0949040126552894,-0.04636737974833013,0.3641101644016248,-1.5287151018247838,0.2065399991332407,1.2861341445649963,-0.803829433254223,1.369194218194284,1.2866206703711796,1.255116291600771,1.405187435216883,1.3564790368395905,1.4032715707993073,-1.0405278792864023,-1.0742653715497568,-0.47734115533333743,1.5825029095963818,-1.3213501729752137,0.09226175740961984,0.36986448457142407,-1.4980555827485027,-0.5727900200565215,1.366026820356569,-0.5480704753495657,1.399035284361898,1.6395758661443844,-0.6376164299672529
