,T10Y2Y,BAA10Y,T10YFF,TB3SMFFM,BAAFF,MORTGAGE30US,DFF,UNRATE,CPIAUCSL,WM2NS,T10Y3M,BAMLH0A0HYM2,DGS10,MSPUS,CORESTICKM159SFRBATL,WM1NS,GFDEGDQ188S,VIXCLS,BAMLHYH0A0HYM2TRIV,BAMLCC0A0CMTRIV,BAMLHE00EHYITRIV,BAMLHYH0A3CMTRIV,BAMLCC1A013YTRIV,BAMLCC0A1AAATRIV,MEDCPIM158SFRBCLE,MICH,EXPINF10YR,DPCCRV1Q225SBEA,PCETRIM12M159SFRBDAL,EXPINF2YR,EXPINF1YR,STICKCPIM157SFRBATL,EXPINF30YR,WUITWN
1998-09-22,-0.09003138018191058,3.0,-2.225961462585874,-2.769720820017045,-0.020228593814684954,-3.0,-0.8070369972758331,0.7309495388909396,1.514132046016992,1.5599876543327729,-3.0,3.0,-3.0,0.9887270591154969,-1.233530036400658,-0.41023696159079814,-1.340731046479038,1.9395768849533128,-2.1903502148620055,1.92733879815522,-3.0,-3.0,2.047354322633493,2.2427472667420707,0.7229435682955573,-1.4010036398712027,-3.0,1.4269353798659699,0.6605685208604261,-2.171842828291811,-1.227725254841661,-0.6965345635490445,-3.0,-0.7518094115561123
1998-11-10,1.1903406081546886,1.678578617402594,0.28483764760367625,1.0745918457124934,2.362001220142682,-0.4057259052866342,-2.2937299898192642,-0.8650797396966841,1.7117922064718292,2.617729453923907,-0.6451990047242433,1.4068502695602656,-1.2027821978793585,0.8315980109568798,-2.1133452152181462,1.0001608929140011,-1.0830051313966416,0.22284143314735982,-0.9855658327810268,0.8120105807821071,-0.9463137027364031,-1.4249630753058122,1.293184398767644,1.107429151448267,-1.9344318168437036,-1.5380387483202256,-1.5625362437613426,0.12203940765702007,1.6891805332323613,-1.7619279098912743,-1.6945191955301613,-0.9819000571745271,-1.5191668256030297,1.0167254237613272
1998-12-15,0.09355229590566462,1.3784708799144998,-0.8334091704148172,1.5075428061019711,0.6278801202554402,-1.3169784284078732,-0.6709242126664099,-0.7758128508870625,1.7332036073410737,2.3292151160564094,-1.172982890826515,0.9091124640173258,-1.3066256270698435,0.7134297694434194,-2.7813816978757053,1.654900263672353,-0.863598599431344,0.2983746653223028,0.15694337422236523,1.9577314009391118,0.1662264565767878,-0.7180529447643572,1.6639872890392522,1.658099906789542,-1.9947748413945097,0.15468602146613336,-1.3320834922861706,-0.033162694947993045,1.7085680108509493,-1.4665304572834796,-1.7028310369606603,-1.1690302446077128,-1.3203429406817644,0.8020127387583362
1999-01-26,-0.4887980777921877,0.9292167038107882,0.07699610846645934,1.1950403657513315,0.8136142893323624,-0.5290298440696327,-0.7900747844477873,-1.9871096388260796,1.6511175260883832,1.1245850666367112,-0.42262850004303104,0.5997206102370201,-0.8357811841159853,2.284620906684817,-2.042643822004124,-0.10152337894931965,-1.1508303305390823,0.17492751521486508,0.6805897565041386,1.786973620997197,0.7389200933448213,-0.04622191953660622,1.5075247554968687,1.425548526811867,-1.938950025236791,1.3645047780318111,-0.6002174624539738,-2.4327387365284596,1.596221092452261,-0.6347488903569252,-0.5706284714769434,1.183302725092938,-0.5911065229407982,1.00892967986218
1999-03-23,-0.018261015804561475,-0.016550920040219682,1.2236017257357448,0.6443903550157829,0.9910526136866491,1.4571529530802565,-0.5660579205219666,-2.0617701385964575,1.2840102655377512,1.3578024903065147,1.774157643020181,-0.04862062642727155,0.8646960965722179,1.4529663145128044,-1.903912472134815,0.2681239541641424,-1.367629879141542,-0.35079241202890066,0.9023895534820237,0.7903961043243568,1.5562749994672458,0.2855151891764003,1.5583769565086758,0.1091054081665559,-0.8841900357499561,1.4987626645433048,0.7983493022098994,-1.408247066680718,-1.0033147970042549,1.130899897779982,1.4105046092321354,-0.21074321742017327,0.7439077401554659,0.8156058852294283
1999-05-11,1.4582246166505184,-1.9258330087448978,1.840248705605695,0.9233261657720753,1.2755587616822732,1.5064769344712403,-0.5435938743964811,-1.4898112741350216,1.9943708147446915,1.0768023294900408,2.0173292542219485,-1.9299522367488775,2.4655819865505237,1.3227551689089132,-1.7758115397604264,-0.2200778874965652,-2.076871150905796,-0.5217115494901977,1.4169404708811169,-0.1214789697669562,1.4465283820414714,1.7930175616939463,1.6257794632601716,-1.4617442096210858,-0.9165527840945983,1.619652146462846,1.577039534735401,1.060203607870132,-0.972977332433179,1.5727157075795204,1.6413785716825553,-2.109026088021393,1.5821792797256065,-1.6010397610924196
1999-06-22,0.5610869091663496,-1.5423612853252122,2.0293364679179478,0.8833378516521206,2.0590357500677414,3.0,-0.3146992877501771,-0.2823979100947993,1.3984225206541818,1.089999910859403,1.983933984255024,-1.3474457559881856,2.217695747642964,0.9484381672618044,-1.7083177390272826,-0.1515325880056985,-1.3769927813207345,-1.3986040257450165,0.6781580665679589,-1.7092779710211459,0.7968250685363283,1.121697761354531,1.1412235277631928,-2.228762624122767,-1.498982669013244,-0.567536077220303,1.6628916905854476,1.0109201053789842,-0.43376414702097726,0.6340823880789848,-0.7864228596468014,-1.9742978193979523,1.779191290867857,-1.4312425380196465
1999-08-17,0.10494481680818896,-0.39968400135586446,0.9808141151724921,-0.27969561388936254,1.193643686585035,2.7269599931470103,0.7568775566356575,-1.2617234805534092,1.810131978664328,1.8723662818904323,0.8744021880285517,-0.6969254107895272,1.231492441467321,0.7882134850418528,-1.0883729212608058,-0.3890227002077587,-1.602511327671744,-1.0589087760951896,0.1008874562310358,-1.3064989777802385,0.02128632725818714,0.3998826876819485,1.3728765911444558,-1.219512251721347,0.9989449966702298,1.2980491157306995,1.5553257725170149,1.1394483133209152,-0.6540617494520478,1.481589683785041,1.2032756976595023,-0.2895984346648208,1.5554398848390791,1.6208521360709047
1999-09-28,0.2753232270686889,0.8011624650710647,-0.22776915374906884,-1.7565071461139294,0.06682128250421493,1.0715580213334526,2.063714992857189,-0.9422856948634384,1.750027807161479,0.540855944185349,0.5615978487872328,0.7185387545886404,0.9254904663950785,0.9035594421233224,-1.0526863325760105,-1.591015777944477,-1.1565478392155915,0.4718572458229958,-0.9453101116345282,-0.4935026968605031,-0.10880682720601922,-1.2869159530601635,1.9605371413852088,-0.3997488135263167,0.9700564365908744,0.202413360322449,1.364880614018926,0.8629607526227779,0.9862898458734655,0.924656703101762,0.2705141134766228,-0.49370587458548987,1.4080196653942034,1.1793857625466582
1999-11-09,-0.8588896306875375,-0.9209298828542761,-0.029414374620073732,0.13581758366906058,-0.3528346039398168,0.9170939243350117,1.140028486086947,-1.7535089730010136,1.690746435871897,2.1322331331118467,-1.0547015844523202,1.0313844842702422,0.7944766154454194,2.285682722381538,0.36759165074235706,0.2903907919005081,-0.9196235710841165,-0.4385381810761327,-0.6156838696840015,0.7533974077078414,0.9576700448628587,-1.4186346607586922,2.278820478723369,0.5397015790749581,0.29846151360552436,1.5106675281554915,1.424213147724021,1.8167403909033448,2.188929416083302,1.9441993305315899,1.7166322324828194,1.994570110668666,1.3443714519498606,-0.23504956485402115
1999-12-14,-1.6556310692388212,-2.504747493078336,0.5341917650850526,2.0830727925630406,-0.511626436780773,0.7291735162819353,0.9167764166726802,-2.2461849168671635,1.6969002900319523,2.361787166299054,-1.0391755785792571,-0.5822389836639136,1.3800035697572306,1.5483619748746356,1.0451686219786116,1.8037365876132863,-0.7887715858628221,-0.08986709319520297,0.7079751246799263,0.5414641885588557,2.0392474658201794,-0.8076070554678474,1.8895597345097523,0.30991649939316956,1.0654454084254015,1.785796279610888,1.5803123550663227,1.5191321723528848,2.377682327710499,2.0817727207814514,2.032881602021576,0.07213706694262564,1.4833853028446797,-0.21800428286982018
2000-01-25,0.5805442641132295,-2.664430549817325,1.192298857155114,1.2622490569885145,-0.47191369111272113,2.0674982147340795,1.017735126695691,-1.4475514552865234,1.5561538947562679,1.2557837703567583,0.5206673549767825,-0.3473469857963388,2.458593796413975,1.081754008219204,2.6739039281708776,0.22724797018111648,-1.8690244194684504,0.03206143763434328,0.2962034282108552,-0.053589179299388875,1.8615087914992063,-0.8268913850043413,1.5901130094191878,-0.40040797353156304,2.330197031949658,1.2340515772018854,1.6217210474134727,1.6919539054460906,2.5056488712263256,1.4348125453937002,1.062842271530077,2.1368178896259336,1.6105097863846016,0.48136698312413645
2000-03-14,-2.537389696118541,0.4507106674197451,-1.1577160795927377,0.9259784340464813,-0.7848286526518959,1.2592018571994195,1.5180317644332224,-1.1935470284467848,2.2317207638925085,1.9890344701025928,-2.750611786830248,2.4630526524019913,0.4881193117254643,0.7261354744613292,2.2601973541111535,-0.4582105036413207,-1.5619982780569526,0.6710867001748152,0.45975636037344203,1.3337653171996837,2.1577358864450087,0.4836323971560601,2.095819177036564,1.4339526205978792,1.3637754277059118,2.4327007187249667,1.455981874192831,1.1399499438952345,2.493406179128224,1.6798878901038194,1.5832896822817601,0.7618300377995324,1.386220748356592,0.201119900075594
2000-05-09,-1.3719569478401932,1.1055671853482207,-0.15801679955528738,-1.4153461784144703,0.66159554567698,1.1543951978318296,1.0537691460080818,-0.33437085353738183,1.562761384931029,0.9702779210504195,-1.1492540623443306,1.7596479777650893,1.168401728544717,-0.4963258840161986,1.810415002303414,-0.8081653611317555,-2.266076882017286,2.0072427117891483,-1.7855563629689228,-1.4303792297387696,0.6154299125209479,-0.024196467165554476,1.1297011088056221,-0.36997051447654106,0.28614183488516765,0.1551180121394205,0.6436408784703435,-1.7030494656224056,1.3685864056599295,1.3468584156359733,1.47966366925798,0.6353550172787459,0.44251614375310006,-1.7367389783973333
2000-06-20,-1.164952851617033,0.8835895074703402,-1.8834151638116379,-2.7087927103683875,-2.0127404991179474,0.30652706921942174,1.646237839206561,-0.08515215080218058,1.7700116608731047,1.0033041029071377,-1.201835000707396,1.7153669497526296,-1.0406680238337769,-1.4662878298391302,1.8762759470866288,-0.5668001236056466,-1.432681294107528,-1.011950970278107,-0.3479603548475092,1.6400044227142727,-0.3844281143465165,-2.1401943462277724,2.2184711699469504,1.944536108120349,0.5807533330413975,-0.9433045006742835,1.0474924495718474,-1.4073321819094682,1.2413410494959503,2.3113449281918728,2.8561846308000725,0.12958782308408562,0.7403387604566358,-1.2761562682929097
2000-08-15,-1.151547934180413,0.9506989950684896,-1.6306136373931648,-0.19935749147824,-1.7651625778014453,-1.0054821535566607,1.273610175268802,1.3319606618257458,1.3936457596872975,1.41555199288105,-2.0604643212120664,1.3667542623770657,-1.7876907455300661,1.8731951344655031,1.9874554459919336,-1.2680470717165915,-1.1632915163268003,-1.7175256492366622,0.5431437509423823,2.3374576808408145,-1.9540318808866721,-1.4930952241433573,2.1260952583415675,2.2855844651830086,-0.37452046908361575,-2.367989174931294,-1.9371575428037286,0.35526552356372554,1.1546315388625092,-1.0823601084004697,-0.5659572159944661,0.8651605002417252,-1.9875272944161002,1.5479378278344844
2000-09-26,0.17168305164286748,0.9075982849948067,-1.0724013614591796,-0.4545614577268214,-0.9671671951674865,-1.7508779998881252,0.8137443312025651,-1.0048281602476177,1.643770148328203,0.8145329502592916,-1.2403781146396429,1.3943887743409002,-1.2049015045468303,1.28666024535224,1.5219922937610308,-1.6225651174520126,-0.8538087960706249,-0.1349870411687353,1.0251414244716628,1.8418245379983897,-2.123677341708681,-1.18935629183866,2.0652422558983132,1.7863545989303533,0.0921240177757772,-0.5087552702260845,-1.7464668298916333,0.41259453271174207,1.6010645945440418,-1.0361543012673973,-0.3413452925377893,-1.0579020509949502,-1.7833156429718635,1.1282911294521096
2000-11-08,1.7792397890904572,0.45407847050339945,-0.6892496903421553,0.6839001197645055,-0.6536816452883338,-1.7548631874646272,0.5821794520826129,-0.7244335369168825,1.6760615283995979,1.9206334433284127,-1.2569973335498483,2.485503034133093,-0.6127166033234333,1.7130957439789056,0.9318959475829727,-0.9190697577109798,-1.1837502899319063,0.900757735255514,-2.247714300542078,1.2187710734791313,-2.1856986693241156,-2.3969243139171983,1.4921201419820986,1.4416579498905089,-0.8746543714609419,-0.6517123786519187,-1.36203828083329,0.8688298475334317,1.904385120043868,-1.1546538523177592,-0.6916695996239072,-0.3798546701668714,-1.3565451027689943,1.5756050913680275
2000-12-12,1.0476251122176818,2.042421172107725,-1.4699204948697995,-0.8717806396447477,-0.946192726483998,-1.9548014542333763,-0.01261895296424796,-0.597973239767455,1.569046743948107,2.3205198305301673,-1.271505980124285,2.5834964317997566,-2.1683611864435046,1.255268786128454,1.2625045253811247,-1.0826518819171482,-1.4295418251770418,0.500629512476572,-2.181219298773596,1.7412928168577972,-1.9908136102382847,-2.831058571354095,1.6535904019395717,1.9759350270171663,1.2048444778235776,-1.0553989715646932,-1.5768188574071653,0.937759236973971,1.825790464649186,-0.9935592768829049,-0.2769261878042922,0.9909044874179594,-1.618363515739632,1.1887918692967814
2001-01-23,3.0,0.7122832518640596,0.07322375687408779,-1.6335176809937657,0.5857044861969469,-2.0601394394643124,-2.214560613536042,2.2776569247664953,1.867518875690982,1.737040722109768,0.9442016215814132,0.8542656361273794,-1.2684186872108807,0.1284466540145779,0.38667539060011175,-0.11471666907283398,0.6821261495596528,-0.3479969071212786,0.9050594635780125,1.9157445862404416,0.14380299739221053,-1.0141433094353178,1.953973318940355,1.7849379625275015,2.457993361704526,0.5239382124459603,-2.367834360825304,2.2866109027674235,1.5020349584278676,-2.2975470151997635,-1.9842099484868556,0.953017097944864,-2.35969805215493,0.4405769099641598
2001-03-13,1.6876313981148434,1.2866676476141496,0.6214979031803091,-2.033753171174997,1.5059816633666039,-1.5335678705559108,-1.8880687568133387,1.989974874213713,1.5781422466340318,2.3440139150031145,2.0194631529192915,0.183794685838757,-1.6402341564577327,-0.4315144665338811,0.8998270940268748,-0.23157471908238755,0.9659251526744637,1.2023543124702183,1.4091929111154955,1.9572121056684337,-0.2282541490284394,0.028069327260096956,1.9311975627371005,1.795153737375249,-0.2766769956646355,-0.7404399222181177,-1.8601913988480776,1.5801076974017476,0.8057690033325721,-2.530939964554146,-2.9898471205729353,0.29519439428303873,-1.7366354166800584,0.017225220636766604
2001-05-08,2.1403506730339483,0.12921392059426196,2.6756872588182423,0.24474840392236907,2.3919867371769397,-0.6129784462632228,-2.190280946589301,1.0591580985155862,2.0129300931221445,1.3265261316289974,2.4464377991194874,-0.08356939233900157,-0.31954079705538535,2.1097817798658896,1.8072415139022744,0.047185528983287164,-1.3072988378813175,-0.19208371396463908,0.7058576417696152,1.4665165490778669,-0.7812466258717616,-0.41753447108536895,1.7478631085217073,1.297792448028571,0.9232677867346689,1.7412932599559092,0.01231105131552702,-1.6195115223233483,1.5555815541592932,-0.33177255634586467,-0.2704318478932129,0.430862988023263,0.1182993856968981,-2.161168514963341
2001-06-19,1.6500993184819275,-0.1926312203466325,1.8281921818418694,0.8488277600006198,1.7930828632712403,-0.3702344833323081,-1.7772413836946672,1.5965854616315502,1.6781628019185515,1.4480285505126356,1.5963285904390863,0.33915653043000826,-0.07730181826449345,1.3929499853758942,2.2622651949494497,1.0334911018457653,-0.9707215018650208,-1.0216216200688042,-0.053116858763449855,1.4766751352445726,-2.33843025438099,-0.6684717955539884,1.685161680285484,1.3017874237834897,0.7380275279804599,0.18869938955845733,0.689565712672787,-1.2355235635673136,2.1595078833364867,0.04601798708412412,0.008748889622958169,2.8409307737366714,0.8528969075556482,-1.4457709381503068
2001-08-14,1.0556083359025255,0.7934948924350123,0.926224824672602,1.5448233649489351,1.074806181534094,-0.7478561258743524,-1.2232286103938972,2.4284952169183884,0.969290174157184,1.5524547359835583,0.8252418013922098,-0.2576629104409734,-1.1255298629237482,-0.35819019244898803,1.6566745952183626,0.5993145563627416,0.4284202748957402,-1.1385260669157011,0.6129172051991413,1.9671938330805783,-1.4557147853090266,0.27818849097394727,1.8174713929629878,1.970591294150687,1.1491787180912867,-1.0914325434696384,-0.034305736798280036,-1.4055611874198488,1.2910730769820384,-0.3230435326838558,-0.2661251088305726,1.7373172202366578,0.04178650708400144,0.31006369085771684
2001-09-25,2.382426258679096,3.0,1.0116403514441308,0.6254407926260609,1.6792555256733561,-2.263023122020056,-1.473786076250156,1.8868888770870165,1.497644656660199,1.748555377542416,1.620699640074767,3.0,-1.7826147340251381,-0.39798921391478953,1.871320588162203,1.8915848972714173,0.3717788701679871,2.38304876101116,-3.0,1.4400339869752603,-2.029339275187019,-3.0,2.0081617722205345,1.9226066100198458,-0.8757821294140108,-0.44118105095176435,0.5526430316725717,-1.0123365623453002,-0.9573701074081982,1.6352950822256662,2.024522421517612,0.0809221691008377,0.3847492801005774,0.5033747601163532
2001-10-30,2.0099986023588428,1.7025510653607927,0.9820320720795084,0.8257504110414667,1.3405808476089895,-2.0228358083242037,-1.5560964447949837,1.9126658089227881,0.6072731602394426,1.1453235728234836,1.398310571647017,1.8213176361031302,-2.1007064294629885,-0.8577643614921248,1.7754638325154164,1.1499891955024208,1.875175997835706,1.368706191719353,-1.1644448292447627,1.9888331687687562,-1.15506500483434,-1.6883464290146144,1.9289972551456391,2.37680382200249,1.7268873135213865,-2.6458358082435782,-1.2840004550356596,0.6604202826873136,-1.325918951081777,-1.505796943302445,-1.1639001942316594,0.443420824081098,-1.1574830988093041,-0.41129310361674304
2001-12-04,1.4826070273057266,0.7182888404724425,1.7546977037510036,1.4003139202984929,1.692279786282137,0.35903691285153755,-1.7355370844893756,2.1222008238907,0.0033172194551893395,1.9537128105838064,2.067722356575196,-0.05596643808042063,-0.9106831036707655,-0.9579283112961019,1.5538043832002304,1.8180296194459893,1.4719807633529163,-0.35261959262100095,0.6284364397087298,1.545416676334492,-0.27517154099203817,-0.35007774643351497,1.4875340583204992,1.6622668002845404,-1.6388581422748938,-0.5709087834201964,-0.19109579486209416,1.176024971549889,-2.8835216198091005,0.028454056003173127,0.47838915939309484,-1.8696901739782736,-0.18415551349629194,-0.20423507021124002
2002-01-22,1.1727748700174825,-0.41827783429908816,1.34353886243228,1.5853481998292331,1.0843312500958175,-0.48492818133407234,-1.2241996310252288,1.3363630925561487,0.5474984583490311,1.250273294603466,1.4265364071393325,-0.323389547545703,-0.06941759479696133,2.761137116352297,1.0375451288692126,0.6950017215086246,0.9422028391002303,-0.3011913780779254,0.7626868646384779,1.3471736296401775,0.25570566460051375,0.11249846132388172,1.365831782315669,1.3115150876748267,-0.7503851253863287,-0.23069332276655583,0.7687568995665844,-0.608922782585388,-2.2223600282093283,-0.5373609386148771,-0.9902612656532772,-0.7350041810297862,1.045239854374795,-1.8933539986784405
2002-03-12,0.17943627221167996,-1.0067842564547829,1.4683472212335134,1.9682980680541924,1.1900508009279007,-0.0781288924930805,-0.9999460657541981,0.967608595676538,2.6930661153604416,1.5629967671687583,1.265151390558425,-1.7162555404052904,1.5561295760685379,1.607500125418682,0.14596643770410725,0.10262653157598993,0.673630889316466,-1.1070554046350842,0.9231720499301719,0.21788349421391506,-0.5191745551759903,0.15766481380274505,0.6360418600469134,0.35176423113943994,-0.46614163607449594,0.9547113761015852,0.3143449869187844,-0.4613684770642314,-1.4524034676854685,-1.037821233464063,-1.3706032310472436,-2.291406135583619,0.6044370926855598,-1.426090739002338
2002-04-30,0.2942641153048018,-0.8057634412125433,0.6172609024299713,0.7471214035116217,0.4620479905283157,-0.003825003997941828,-0.504406247460978,1.2484400331599312,2.247114780772569,0.45019498512152273,0.6627072754077865,-1.6414193344069359,0.6213012100451184,0.9192325985092448,-0.3637586267691423,1.0099973490691436,1.5520379836266092,-0.5207776671464751,1.6042901106271066,0.7841054952735961,-0.06455854936638046,1.4439612479594497,1.3049644763467527,1.5745316530014315,-0.792540957704559,1.0241007897243624,1.763077437632877,1.534063093125775,-1.2792354496501912,1.008912820023805,0.4980576616690218,-0.46888496216674147,1.7681838064735436,-0.9757548388683825
2002-06-18,0.6590478416710305,0.3205792946419543,0.050154004631834496,0.3460494861464832,0.2424855655812703,-0.8153592979348835,-0.6093837018826699,0.7323144127875519,1.5626768760736132,1.4367563276158906,-0.14307523899697366,-0.15931165707308567,-0.47740764219266607,0.6044889484387219,-3.0,-0.1003937362487013,1.4873881370269424,0.29021002525914463,0.1530840730815328,2.682979968137981,-0.897426700003253,-1.5198101285967482,2.9055299869321733,2.7938575284459506,-0.8486933793103953,0.8708165523861072,0.21505735337887585,1.0830359094758597,-1.781591363378828,0.03149177821661525,-0.02856552659498005,-1.6055631036775655,0.23930847283750525,-0.7071067811865572
2002-08-06,2.801578409260346,2.2580041751753224,-2.2928979904821727,-1.3211608688312,-1.6364005944771596,-1.996606403601193,-0.1768917352218872,-0.751469149299051,1.8267660695861105,2.557983761253621,-2.3529002091183027,2.2945433704768017,-2.5126702273989845,-0.9688920973611674,-2.362546723924333,-0.6963122067673284,1.7590717550554313,3.0,-2.7816313974222497,1.0250792531972024,-2.3515504287594133,-2.5235147549548187,1.7504063946247153,2.367847728588723,-1.1256471331642215,0.4730765421934245,-3.0,0.6993617365452715,-1.4623531209469691,-2.1975207268023262,-1.0586016738689952,-0.2743170371489868,-2.9553998825402763,-0.40160966445126156
2002-09-17,2.801578409260346,2.2580041751753224,-2.2928979904821727,-1.3211608688312,-1.6364005944771596,-1.996606403601193,-0.1768917352218872,-0.751469149299051,1.8267660695861105,2.557983761253621,-2.3529002091183027,2.2945433704768017,-2.5126702273989845,-0.9688920973611674,-2.362546723924333,-0.6963122067673284,1.7590717550554313,3.0,-2.7816313974222497,1.0250792531972024,-2.3515504287594133,-2.5235147549548187,1.7504063946247153,2.367847728588723,-1.1256471331642215,0.4730765421934245,-3.0,0.6993617365452715,-1.4623531209469691,-2.1975207268023262,-1.0586016738689952,-0.2743170371489868,-2.9553998825402763,-0.40160966445126156
2002-10-30,2.125490367402391,2.009680520972768,-1.2153732447089771,-1.6467654627680008,-0.024034002440421653,-0.7555482577262058,-0.5486025415179456,-0.8729291363204489,1.5357196594327525,1.4834949331858973,-1.0006817508471848,1.4738905694322304,-1.2715116193137457,1.1535626842414772,-1.6770655152913794,1.6836305295311758,2.292483496005438,0.452852885987978,-1.2221177872794695,1.2442453658068466,-0.7188843560510174,-1.2532512250374903,1.5331368859486254,1.3797503714739983,-0.8296511870790751,-0.856485887284394,-1.703591460677038,-1.3086471840784981,-0.1499631897315543,-1.5449512766580251,-1.0933961451907284,0.2309364682632707,-1.712842921121199,2.7730227500715277
2002-12-03,1.224071471899701,0.24873856655562093,0.32232781434428304,0.590963203901906,0.9653620227387146,-0.9270416000862325,-2.8701228335102917,2.6675536106432043,1.8745877679097989,2.2619964849178062,0.26461866400689454,-0.1732327591871432,-0.5384705601932597,1.0746717528043526,-1.7356024671634025,3.0,1.6345281583502596,-0.06261799333514714,0.2537145757866267,1.651518226315423,0.8516029904419364,-0.006749731777365957,1.833991600485317,1.0973269600015307,2.4105858398620867,-0.8384479333423571,-0.6226843042065666,-1.5599120536660052,0.5317828668316987,-0.9616937655658138,-1.3008849143880477,-0.5672239015836612,-0.5746796346026587,1.7320508075689027
2003-01-21,1.8180196969499973,-0.2552377218149921,-0.020106652800164323,0.40745834557754534,-0.302311591344643,-1.0611828507895937,-1.1966844710001368,-8.989446118089912e-15,1.9348124052348015,1.3988043939420036,0.13997300568289314,-1.0253547174940523,-0.6620311071532801,0.2195556541950467,-1.2588472185933277,0.6664857105272145,0.9794055978099755,-0.427980689356516,1.4160186991634867,1.9561107124267603,2.2042615929659797,1.5796358915524766,2.090124035180516,1.4250710155486583,-0.7256525265476559,-0.5448831539817994,-0.6568274616912331,-1.5274063041999864,0.6439241524056453,-0.5545487547824302,-0.39243329755962225,0.13449225889096916,-0.6682836509656371,-0.7582875444051632
2003-03-11,0.5848563433947604,-0.6484864308033383,-0.6258396295673033,-0.5633549517995539,-1.350786611713592,-2.02938612859969,-1.1382834002913678,0.8081285179687332,2.010675353847799,1.8718579258852823,-0.577680868036112,-1.2307875177228838,-1.7274006288218131,0.2617526185076566,-1.588383297571765,0.27806512451948784,0.6575857606916669,0.37912626335325916,1.91433078904668,2.0168926163848973,1.4503148278370346,2.005331824374052,1.8414312421878332,2.0485792188062173,-2.8194459163437906,3.0,-1.3581379546925203,-1.0322016890478904,-1.7386440770345513,-1.450756074299693,-1.513557742770342,-2.562600816972337,-1.344184351965687,-0.7582875444051632
2003-04-29,1.1007738693050937,-2.1597162490082678,0.45367769427817445,-0.6367547681794686,-1.7148571586798405,-1.1387947558509663,-0.5708118744798251,1.2894256129991974,0.8660838991765457,1.1696344751943666,0.6478681180730153,-2.143412090206606,-0.04057226759570781,1.1239291425281568,-1.8518779460692572,1.8814310276723534,1.9600353193746585,-2.058804151094833,2.2563588757559327,1.7877325468944785,1.7967146429966503,2.359728729115659,1.6649055551886098,1.712325921444502,-1.9821940562349762,-0.8338149271191416,-0.9822752283712515,0.14245788799055056,-2.4868355110506384,-0.7708987181353438,-0.43357166825449006,-2.0842733589078914,-1.0014137727743682,2.503096410560599
2003-06-17,-1.5376253719010102,-1.1733648108473684,-1.9327629610620964,-2.7794957247730077,-2.0574582048429155,-2.5118086045624617,-0.41557332067132907,2.482137721202639,0.5061854900336064,2.111260652014254,-1.3697851036055866,-1.6531928394338593,-2.3616371831634555,1.0803010431870572,-1.859188548534065,1.329667477293857,1.5033187098428924,-1.4920725450266685,1.9134316809455827,2.009681209582568,1.8466424023934112,1.9279745923383624,1.702865143838116,2.090764783453505,-0.7929623826526727,-1.2716801016371693,-2.0358535565942115,1.1253408377935241,-2.0230404611727697,0.37053276901767107,2.563007670253056,-1.4448939405478625,-2.172247372150423,1.4311124685652263
2003-08-05,2.208504360334372,-1.5249557021040627,3.0,0.6950424550118702,1.3222382231541339,1.4856486607326702,-3.0,0.4902870425896862,2.049605515465657,2.2214312150033306,2.990175428793548,-1.491921865459824,2.1749024927639704,0.8985332129826978,-1.6446613056064516,1.7368641492516697,0.5455696642866972,-0.47207244848179486,0.9933713733198929,-0.015491867436096637,1.2672664797511841,1.2457631955798922,0.8351182447419557,-0.41856583453069224,0.7710190739263857,0.3106638866607075,1.2610981998480495,1.9057431501148383,-0.894654483207851,0.18800404282235794,-0.6402231750744298,-0.15855820759497427,1.3451634403144959,-0.34300005838211234
2003-09-08,1.9250531479398099,-1.6194828959353562,1.6984917082994495,0.899216160675367,0.7088916350762717,2.1393671789759034,-1.5820244581053413,0.38886000738764337,2.5267347329627254,1.7784303889411366,1.6993101069583232,-1.5728421000089414,1.4690262019404707,0.7722019017900217,-1.1749658835940218,0.08336390522053702,0.37460988909423965,-1.063937804697665,1.318072803315943,0.26059176337740975,1.5478523318899906,1.383151016590996,1.14958423164584,-0.15395052890657224,0.5137899354671588,1.0135677948454587,2.1404315808249663,1.3742804203052001,-1.0718133815114805,1.2460793377878128,0.12490466588087505,0.6359889714945326,2.158282904235771,-0.3386743338508068
2003-09-09,1.9025516392742094,-1.4222461829557533,1.6813372557499644,0.9013901341708522,0.8391617977833433,2.115025063520948,-1.8911204570668514,0.3862372627337729,2.5086031541451193,1.761565197555706,1.5992662068168901,-1.5733846019681879,1.3425444760983702,0.7687638626824344,-1.1668525802138412,0.08702487004071109,0.3695542050948028,-0.942610269908383,1.351157292304467,0.30940021808554585,1.5545754375579883,1.4181283550125008,1.1931545353520334,-0.10849296133748951,0.5228347519016956,1.0087686949980712,2.1291847147606013,1.3627819543858624,-1.06509412686023,1.2419071866945237,0.1242708503010195,0.6376095652440759,2.147154632661942,-0.33854735877412884
2003-10-21,0.632333804588207,-1.6275497813995863,1.3002433557267328,0.6371210540192026,0.620490998550739,0.7967044136092737,-1.1702502926533693,-0.6267699253177256,1.403605632595925,0.9099391847363073,1.3424895478116097,-1.7104121757493143,1.1907692428551746,2.365717315204333,-1.0029198273431872,0.5960766320612815,1.6715384003216727,-1.185714851422657,1.5695534150202455,0.4395337036079442,1.481346665536372,1.4946389934413227,1.0285994150941298,0.11995792325760092,0.6619169705882603,0.4415736503527362,-0.2540752965788145,0.9878783399072103,-1.010554265592862,-0.776404508250249,-0.7562908433708475,1.0449389214086484,-0.18156716741479856,-0.12664017699736446
2003-12-02,-0.41864645281729684,-1.7044171847274219,1.0328537526079373,0.6771346823138904,0.457687226896356,0.21639649204044265,-1.01524479718592,-2.6151260284332145,1.6930880729371627,1.0364972848484084,1.007059367177014,-1.7885797491499125,0.9351745586614897,1.6718937086878343,-1.961515783046916,1.9624748900090987,1.4224369435305244,-1.311644083568545,1.760441135381895,0.5818338804089082,1.4396784913147953,1.6305420830380815,0.9695973934085423,0.20876694318976896,0.24544924795011736,0.6174582530281021,1.4715775449167092,0.7624928516630217,-0.7625067264722777,2.1645390225330665,1.7713700337600222,0.2046735569804555,1.3604341742402957,-0.38683420789560413
2004-01-20,-0.05853235532619283,-1.1843198620867754,0.07804800732833524,0.0005431130304348345,-0.5626674219415368,-0.49389821243718934,-0.26916792352839375,-1.5181997951396182,1.7811262066260687,0.2507107794963145,0.15469990748962179,-1.703251301675897,0.018867724604027077,2.8927918982259873,-1.597839259000182,0.03203352006068267,1.801944342874095,-2.044885406811936,2.167221636999565,1.838786045812592,1.8701823270866282,2.140176311018058,2.3652759185222685,1.4292883240163357,0.6577156239493134,0.7878098248280572,0.7274129422294862,2.5243720300086925,1.5622626269054076,0.2855481747497055,-0.1707525418180426,1.460929614449901,0.7580018256613194,-0.7139778545119608
2004-03-09,-1.921144293377985,-0.7359041959618704,-2.2316614355473563,1.5241624887304535,-2.3499875313495124,-1.1795836238496442,-0.2753922856129935,-0.4727292349479552,1.9553015461345735,2.3041472400114626,-2.646734097761072,-0.6772872238747791,-2.331973476645783,1.5362484872711628,0.4084296407487381,-0.2216713565774981,1.1576480023177114,-0.5959560972356627,1.4468258938841445,2.3793705609957305,1.682216225899467,1.2209807204398873,2.270140846382126,2.5447425723617645,1.1318266773753818,1.1192533754971796,-0.5820795690758251,1.644956641659947,2.0194224981550555,-0.9798870138309725,-1.2219971727746304,0.32594185363548395,-0.5199131972052108,-0.6768442307482082
2004-04-27,-1.5175066492222002,-1.9708603508383669,1.1950152143794508,1.0711361660613294,-0.025402634196952656,0.3679220893130861,-0.3610683735373449,-1.1710015016449495,1.5679882489981982,1.447273915449619,0.9990551517643362,-1.3521863951193807,1.1792902149010756,1.447083327880234,1.6780872788216408,1.810562164600369,1.262941553720506,-1.2192832244450849,0.9810765707197974,0.35510123462605836,1.5323896316528158,0.8773293696848775,0.7494791222516803,0.28505017475165756,0.6929716770434574,2.420904895861767,-1.1786718936629343,1.430649019580419,2.5465724895505613,-0.8628293786541059,-0.45731351698758255,0.6034830360604901,-1.205875206666049,2.586937045924902
2004-06-22,-2.8381054305637456,-1.3490909667616386,1.4762650587399062,3.0,1.0853463116704811,1.6753218912995675,-0.0036129817873632444,-0.8824858372622193,1.8009151150583391,1.4750083156825788,0.36952221571739147,-1.0916503389743624,1.482022274056219,0.9831926999600131,1.9848884564146019,0.9571600313410806,1.1455799413319037,-1.6471776636003332,0.46715551746170364,-0.5388242238853451,1.3291831898029365,0.8232569178049458,-0.1465101740238857,-0.6182950319120554,0.5658686961420911,1.488716470441385,2.052408098446878,0.9112635266683657,1.9692875069973557,2.276473619714864,2.350228751526899,0.6284767596966171,1.9990035756895737,1.3741091324102022
2004-08-03,-2.2096061651775787,-0.3601025812950581,-0.24973572926240536,0.5540234093240458,-0.5093443301254904,0.675082860633824,2.1376711546326916,-2.639255355167148,1.493364798425356,1.1591580881960932,-1.2817634256494732,-0.5552596372257547,0.419881853185592,0.1587165839511552,0.7271290373965354,1.4204442623031341,0.5016150801477174,-0.19765023965057887,1.3194221753045803,0.4363724936591215,1.8901995860554457,0.7123130843597657,0.7790376018505223,0.45608855572080315,0.7980015594757959,-0.5190066510924757,0.8676067105475891,-2.1858706649363593,0.8334016513431121,0.9971922504151747,0.9787697896752423,-0.6676995328970572,0.8289711793968664,-1.3553251098859056
2004-09-14,-1.8005917957524453,-0.06389321023851145,-1.2847438614900248,0.2711856981221778,-1.622523124276955,-0.19914013767010874,1.5628654053667836,-1.5854728810294538,1.6228832682194723,1.6474742240344595,-2.1337151255148847,-1.419488908812287,-0.5551278071638084,-0.5494189600531784,0.3341870104528956,-0.6711823537031157,0.2140873223712538,-1.6414028059583412,2.7152215339192427,1.7103292499627587,2.424017317863872,2.4524334722213936,2.0409605417666556,1.6394046716310449,-1.075028064727871,-0.6934039887099371,-0.061205855262469404,-1.5274120219286471,0.5167935452733902,1.2121125763066145,1.8366367100558583,-0.183654566452839,-0.31709480978046883,-1.035330523671987
2004-11-03,-1.5653359143223045,-0.637173438879826,-1.4050390435576847,1.1753214209014553,-1.6358794386262545,-0.9136299290136448,1.5862823420574763,-1.229634091913914,2.4290676666499893,1.3300582563608963,-1.8613609812404475,-2.476452392062179,-0.7405166129382045,2.364354513673628,0.8063887303754487,1.484077718967833,2.425419182913093,-1.0988680228589807,2.4357007042870977,1.5908582409333243,2.118619885129815,2.8337425874627717,1.5910348047324288,1.4560604324476718,-2.5866145840051686,-1.1821481882927602,-0.48427676907791606,0.6176044870841181,0.6265969253509522,-0.08400233000625193,-0.023873554642956936,-0.7213558949437943,-0.5762918932820551,-1.225405056407478
2004-12-07,-1.6560849589549493,-1.9351034030998606,-1.3146043863068146,-0.35777075871551617,-1.5627158965678327,-0.5044392779132573,1.6803492282314945,-1.1060293716126435,1.7178018003061981,2.2673728807540727,-1.6188605364366528,-2.272176699821951,-0.5547623148177276,1.5913629476314899,0.9181105906978374,0.05199581509300589,1.6432229306666826,-1.0493852777134385,1.9018237910295643,1.354531744290018,2.121602471189034,2.405303195573709,1.12355396715111,1.1702872173866514,-0.927733529880517,-0.17632422056711178,-0.3703851561300231,0.6176044870841181,0.7818079918295398,-1.390795071866904,-2.03189052457967,-0.5090441274692052,-0.217013476257792,-1.007501017378814
2005-01-25,-1.8752604489330749,-2.4053389339774105,-1.2950429001075292,-0.33936052351935,-1.5877074137852525,-1.0229990173452888,1.5781082320719373,-1.6879710397834762,1.1482566091417652,0.44127687123579257,-1.363977025430911,-1.03766544865202,-0.549021289132684,1.44242880071439,0.6801961817390676,0.17397368173713076,1.6655262201833854,-0.34923267185015905,1.27124683457489,1.2753896875534958,1.4992799004996442,1.38467257652168,0.886122506929136,1.1370992572669736,1.685835940637374,-0.4632666136351809,-0.5125514658215363,1.8578676264233565,2.0472903511003575,-0.4704237165740023,-0.45572960896930664,2.1087874947142566,-0.4966958766045577,0.4179861289609952
2005-03-15,-1.5302611903756598,-2.2690856284626166,-0.8420428753580003,1.388252433188451,-1.3280471877583393,0.5920198232176082,1.6714049532009945,-2.6353975509072933,1.732380296210994,1.6220810907880567,-1.0658514644150803,-1.6823165705394085,2.2472585726137106,0.9659971549332853,-0.9772728527531287,-0.46759469607661003,1.0881566854397335,-0.4321432743345134,1.2681432083255484,0.3434147402133332,1.4642238143944477,1.25816198081253,-0.05068432423714388,0.10689591619379075,-0.7886540946086074,2.221053568712832,1.3863752243440322,1.2935069896899614,1.6272721471186464,1.1262237506731565,0.5136180336877132,-0.6302683888793933,1.1863228908752232,1.3821719093492673
2005-04-26,-1.5625377030345542,-0.8660469726237451,-1.6452211735943296,-1.3228222486508565,-1.4061620946584439,0.31072139323846304,1.4963499585303373,-1.606665326477018,1.6241243004213757,0.8691423928025593,-1.7519232987376059,1.3940373944362368,0.2836176574121564,0.8388053350580236,-1.0089276718476172,0.7369930621665866,0.07700684649675238,0.9603977277757306,-0.05385031417952572,0.7864891376385276,0.4553851238748435,-0.2312304987434197,1.564415254115046,1.3480802079338825,-0.46161254460750356,1.8552601939545954,1.974444403597144,-0.5375690913074159,0.02913343606480436,1.4898353015606827,0.9222059007942388,0.4567006192127224,1.8773819249283712,-0.021366975058478156
2005-06-22,-1.6570676298842775,0.44114183482027836,-1.759802818069752,-1.0021931991324025,-1.3498082273993317,-1.0377914670730535,1.1372683904372443,-1.9159127494497974,1.2174669937681069,1.6279060202656361,-2.149187189379052,1.0231910168823766,-1.7690696751374435,0.9681838747315064,-1.8085093970090096,0.4796349990162952,-0.7287196494423103,-1.5300697232793856,1.1635210152926672,2.5415193474988254,1.6579789082151473,0.09910536019418001,3.0,2.699474969479818,-1.0882696797128362,0.8265496977946413,-1.304203040300193,-0.9814416009840708,-1.6532705350463246,0.20237999659039108,0.542227984570773,-2.3475385061286227,-1.6164546083893299,-0.08889888521363465
2005-08-02,-1.4121833131830197,-0.7628843714380037,-0.872081530814937,-0.7095562450027935,-1.0769677846920136,0.28427073356494387,1.3150538872545003,-1.9963957716919212,2.7954379761023596,1.2796071468341026,-1.589679788233797,-0.364868412836574,0.7210343943899644,1.681283747839215,-0.40574542432578403,0.4918665795189856,-1.8941225876916352,-0.693343347809282,1.9784449798518733,0.6671083029235301,2.4415430811177017,1.2259638144594993,1.3223117753253901,0.6070646434851186,-0.42031782098094267,0.13705106813324813,1.1719206975088188,-1.479606186519321,-0.07886476574657265,1.2610603211877434,0.8602614873587867,-1.2751259594922406,0.9296794647769494,-0.3679255963650666
2005-09-13,-1.1315027769124932,0.8290171436545976,-1.327412968932548,-1.9949614765808126,-1.258852783456201,-0.2553942751838126,1.3496486097401077,-0.8146137481688217,2.9161143557475153,2.0737805697715856,-1.449379680236696,0.16332153831481938,-0.505269421676102,1.4698060073609933,1.168138344546081,-1.5611394836512842,-1.3284512120164276,-0.2968383946927836,1.6127493810327653,1.509792042776933,1.937240245184179,1.304699589141539,2.237907230888871,1.4924001569316314,1.9268337681630896,3.0,-0.7584834072842466,-1.1030152873845687,1.2323400083388034,0.3305379777493904,-0.015054352032864773,1.0041186233440311,-1.0191569562538512,-0.7609761516390482
2005-10-25,-1.0675919938140606,0.49513996584550607,-0.665219682203424,-0.15368041601792765,-0.6475448945398987,2.2571651971821045,1.4765375637068434,-0.5576787033250427,1.8002919786914848,1.2514292048348126,-1.251607670279973,-0.22024481848416064,1.721414030203266,2.682171613990593,0.8536703609314756,0.3775284766978142,2.278452753719128,0.9946104180877332,0.6410890763869505,-0.29679451156236253,1.5144536491691774,0.16615602232145427,1.1337415018274737,0.08768001316756738,0.8285284467516063,2.173279978146549,1.5721485868599412,1.254726439944779,1.6944470981704571,2.468050745532454,2.4513420234467183,0.16903184477805178,1.2571332815064487,-0.42201971051816806
2005-12-06,-1.4084908848083937,1.0292467617403942,-1.0602129057290506,-2.637484004682035,-0.9129389365781521,1.7371715817687268,1.4407378843307366,-1.4526434385997102,0.9415588375404115,2.1813757042864586,-1.4075549774824823,-0.048457393363136134,1.177049067800974,1.6018634966617342,2.2583913812844507,0.05469150851378056,1.5798587022065167,-0.8849863044112655,0.5590694041753713,-0.15119183899349706,0.6739426104200998,0.22101048252243372,1.3265568192661406,0.32148162490252213,-0.7883759432458561,-0.6960411593627674,1.3097082208472393,1.4799357665275135,1.2267812480365243,2.288245549811764,2.5562680818655052,-0.06745578650548235,0.9592128838456755,0.019428102121218756
2006-01-24,-1.4269709505441521,-0.1899438834714216,-1.7938863568950876,0.8430914738507965,-1.8502960162294788,0.625135482348317,1.5065896666505254,-2.6548932464046455,1.1127011392379944,1.1534395533070698,-2.537530143110784,-0.4709935219311829,0.577889313731769,1.7402485975148743,1.2327684575087694,-0.0726819093831404,1.458756453772818,0.7036678252231289,1.6516450942621725,1.1490286801443441,1.4903739005819876,1.000193518355818,2.209010967165109,1.6455184210792333,0.13772760394919661,-0.7721406658028758,-0.018032150784070135,0.3424882271695331,0.41596875131122685,-0.40614551883719985,-0.7066300065046351,0.5922920303990027,0.07050280602514196,3.0
2006-03-20,-0.8281490210991156,-1.1942978797403008,-1.185293048854174,0.38627007350701753,-1.4248574660848894,1.1499042317241517,1.4719912900978411,-1.6696670252732422,1.037314428883959,1.9723175102975647,-1.5774755495633874,-1.402562609672345,1.453403465568995,1.1312123307745197,1.9100581960282108,0.6825611359517451,0.93245645425722,-0.429193541380448,2.299754558441071,0.5560504943078561,2.0643209347695044,2.227478739532271,2.211145694415473,1.0091314524497725,0.3981806771463391,-0.6868703739915363,-0.1313564414467918,0.1778876126440498,-0.023897540516415083,-1.727367249050593,-2.1115317143234758,0.6292314540198951,0.5155826623189884,1.4927808287164759
2006-05-03,1.133518038810601,-2.2229101450949176,0.0160411414854563,-1.20357114461328,-0.5806189960780781,1.754108355543563,1.5285829639397956,-1.8868311361721766,2.303799236316505,0.9253766570618454,-0.16132524326931186,-2.386605722462422,2.541317640622571,0.5245788762971629,2.677911631245247,0.7127851016482338,-0.06483888504550166,-0.28412910069010056,1.8693262626609803,-1.6557717111448604,2.096467548121329,2.6824995864761063,1.807294598865294,-1.5408538987513036,2.3507892601476317,0.9387619891445504,1.8594127839226466,1.6215875325002638,3.0,0.9512606858042625,0.6596177075085795,2.6501261071697093,1.947917900760444,0.9435168046161249
2006-06-21,-1.0234009576114533,-0.7917269911342556,0.013166532514442114,-0.7560078406538326,-0.2402973541311656,1.636465730562632,1.1870309144911748,-1.2286315364367941,1.7664583577742807,1.496025288356111,-0.19693097232440865,-0.11780518774863388,1.746173143498696,0.2157196974445773,2.4539247843486254,-0.2737290867341524,-1.0622844537963956,1.2007825834259753,0.607288587524746,-1.3740296576134372,1.1690277933921283,1.0454236120089253,1.3768407720097857,-0.7066777934760636,0.37712719631822555,-0.12046202093784622,1.4097030415919207,1.3017529218158335,2.6337503102248094,0.42777453781419106,0.17848807557120655,1.0898143027638423,1.6010087162382405,0.6186823969596357
2006-08-01,-0.05749867409566694,-0.4133881152624886,-2.487527760458995,-1.378349020575963,-2.0827545917087575,1.3623495363683067,1.6355122828299633,-0.21023533249166892,2.3095193845458124,0.6830853732863653,-1.8806476020565064,0.4860200820276122,0.6730027444317861,-2.492380120186072,2.253788050328491,0.5431509573585542,-0.25995030998655955,0.8109991026919997,1.4235051705658504,1.2217431905436988,1.6513140200218326,1.3304773160038585,2.585613117994562,2.1250565017435337,2.6653849845396933,1.8081421649177207,0.36903178350282845,-1.1299254697492176,2.0330819314209174,0.614568078644797,0.5552339484049573,-0.6800830763316763,0.22422148988178608,2.535741691801689
2006-09-13,-0.4915888888126256,0.02374223156154566,-2.199811138470949,-2.3933868864298034,-2.208305750991064,-0.031022538898350185,1.2334391995659628,-2.5276030104647513,1.006916227041451,1.7411314440549626,-1.2587865120332995,0.518580120673388,-0.36486805201698863,-1.5410529556018684,1.3987809014860642,-1.8133961279434425,-0.25907489246148746,-1.0232000005196202,2.616724401977697,2.438750518542036,2.171712833974379,1.7425009194784957,2.392843405417799,2.6384935818371256,-1.423954395374899,-0.6291832995935919,-0.7891699183083545,-0.8674108426149858,0.9592856519758568,0.06690517851708026,0.18635789883539197,-1.3869947113652834,-1.0465368031965352,1.5506903266328151
2006-10-17,-0.6091707959298587,0.7373701061636896,-1.1847237150533958,-0.8701801324177683,-1.1780631348381732,-0.8030701479110621,0.833349140131428,-2.3734980141151043,0.18125336004342113,2.195770010915855,-1.6738552663878172,-0.5160537399657724,-0.5790900129954485,0.5159844537109181,1.3353804135859406,-1.367351951914229,2.675386451286793,-0.741234805153471,2.376002222455299,1.787082845476404,2.20755938534792,2.016140263113429,1.8826723618542605,1.7812515930393802,0.5011952079210051,-0.6884801616730531,-1.3000164503677103,-1.679729663510046,0.3763828150990065,-0.7344692564633687,-0.5941960766925104,-0.19103903802643993,-1.3955611228755074,0.3300971734267886
2006-12-05,-0.646360075367405,-0.6393968984783607,-1.5769354288073478,-1.339562020466652,-1.6522895512328704,-2.1397571449579846,0.5150105574906086,-1.7343763839712216,1.005641254428944,2.4236686998481627,-1.7014251347902933,-0.6392960844379445,-2.1581615296822925,0.6420442281418983,0.34031655951286116,0.37579328290466246,1.6465006926621644,-0.7890641833941208,2.301239729065582,2.2044398139215406,2.0318393699464075,2.291290047513001,2.0681029790577132,2.1541639364518996,-0.8314030418693246,-1.2976068723134813,-2.1222899612358845,-1.2044166321573506,-0.16746435859245504,-1.94693858851922,-1.83021662294373,-1.3616141752627344,-2.113384343149969,0.11623496252868154
2007-01-23,-1.1035100921732164,-2.2451138006590137,-0.257584939511627,0.5712072061272043,-0.5782568766223619,-0.9717609905725851,0.6026329972165699,0.4358366039681327,1.097168965058766,1.3551798278669667,-0.5819814259951926,-2.8515702786790245,-0.052244407255281955,2.2118585878271997,0.07947296024453636,-0.28867256970897565,2.0730913909493114,-1.0463830681249093,1.8281773915306936,1.0422014705437173,1.749840911031145,2.2135150572795057,1.3703575216659591,1.0075092465396849,-0.3952039653535998,-0.7167777931125817,-0.09892622653947127,0.9956803253779932,-0.19531382362197208,0.27934720479929975,0.45431072373464293,0.41596875688058355,-0.17648901961891572,0.955598509780028
2007-03-13,1.256467968394035,0.84153636477396,-1.4309357064744375,-0.0038831803751739665,-1.0218440321475168,-1.1260585002436212,0.07110903889013076,-1.1539076469948084,2.4558998856182854,1.9099607861404673,-1.6545591251347385,-0.6516487686670176,-1.4588520239201481,1.3997209403807342,-1.070785301923554,-0.8772153383329475,1.310749113111159,2.8880006530141893,1.5280566621985123,1.7002996060841082,1.2841149614772913,1.5372674129395922,1.887728489307788,1.7703873071570486,-0.7553999874763696,-0.5036269705902199,-0.511039392397693,1.3982187087754012,0.3619285144135481,0.5193271956393611,0.864837080110899,-0.785461290976566,-0.749684107465768,0.7846562471861476
2007-05-02,1.2081850022327703,0.08613265689519849,0.12519600749616497,-2.953125055972034,0.15896494783249676,-0.893106307248205,-1.2544341035744746,-1.054326332733434,2.3314105474140208,1.058046883469574,0.9839756818572962,-0.9577717949350282,-0.2539847188633341,-0.7085958721749276,-3.0,1.477610578949393,-0.907408260934533,0.6332402292381959,1.5738550143202021,1.4711758592581958,1.428421631869766,1.5331732509385405,1.7225124404016958,1.5392400088819476,-0.9333934236186455,1.2524973930582326,0.6478283183483559,-0.9410231457599055,-2.6165150267207076,1.1313317952928128,1.3302822388777615,-1.1687657841477799,0.491938454403271,-2.148751721886208
2007-06-20,3.0,-1.17250801140595,2.6460976788958206,-2.4235074646552555,2.3291984807949793,3.0,0.7009338125926976,1.637679450843954,1.5877930402076774,1.4815313898090372,2.9309905613106872,-0.9611078381324062,2.8191183852191815,-0.9755038110408465,-2.31745563268101,-0.6653884581173046,-1.1501515535853024,1.2683490215793054,0.9894128255310873,-0.4402340746979369,1.1171203229560114,1.1808212273591803,1.3382907912619018,-0.3105038574170038,0.4160915366231944,1.862561264564573,2.110863112455435,-0.7453559924999298,-2.124725689876887,1.7945718019741201,1.6450438591584104,-0.46672122750004663,2.1227215216837636,-1.3204660846261884
2007-07-31,2.0352148922158557,3.0,-0.05769563873945519,-0.3546049600472722,1.1115455184868106,1.859691111885216,0.9087803106170733,1.8218435794330732,1.3357036205300719,0.6363243404555551,0.14549340594125096,3.0,0.08048996077879494,-0.8968413261338342,-1.7441921458988852,0.8788294845861689,-0.1424188859953294,3.0,-1.3079486704895193,0.14093452024246303,-2.618044981707816,-1.1016863825636831,1.8733026775766721,1.5925573153785573,-0.18932489373551264,1.2722928503256894,1.1929731563503208,-0.252546089969841,-1.6740080675922675,0.11526448011287695,-0.14062825509934992,0.3669725846149446,1.4264035607066157,-0.9133829112489115
2007-09-11,1.9909454557854442,2.725015249949317,-1.2343600174273215,-2.6307756192661205,0.6862767722419354,0.3991318757294426,-1.245501042355908,1.5119522921050328,1.5716757650449036,1.7341298890234869,0.9496087035005862,2.542929451792279,-2.0947301646466374,-0.7691299890183174,-1.289704532172578,-1.502355758825459,-0.14964404762324257,1.9272018407102023,-0.7207315326498369,2.004602855914358,-1.9721701428771257,-1.2077404177722648,1.9454386989157522,2.774705055060574,1.1993492919191453,-0.6007136908490687,-1.7063656576539115,-0.36468801073473844,-0.9408942583546955,-1.6221147288787148,-1.052305468758581,1.405862198792426,-1.5652671643662028,-0.6873052350555199
2007-10-23,1.8729971006839454,1.207799538154106,0.614768317501919,-1.0484134540639678,1.1981652414498207,0.01804203772047117,-2.332720736528527,1.1464550746975333,1.6192870529588506,0.9645478185942593,0.8371719145113343,1.360388054838161,-1.5837951314752545,-0.9877861526588736,-0.8738049396845436,0.023843020589502304,2.3489690597557904,0.6878104178596111,0.854152046075492,3.0,-0.027678488109787326,0.05455082680891001,2.297374863696506,2.6711898308827697,0.78775082490907,-0.7837448443560652,-0.8194929299604695,1.5590054065411256,-0.19469189702222192,-1.9267298358099416,-1.8656976529492773,1.6172250723309864,-0.43712241421481496,0.4566346374585026
2007-12-04,2.319248063700625,2.798824006404595,-1.1555654033246656,-1.759584514769283,1.403496581417341,-1.5146316222746257,-1.7860053042746198,3.0,2.3193965898916287,2.1856452784493916,1.326847173666674,2.2012432742483323,-2.6045974705805817,-1.0808902055029461,0.43192059213197637,1.1458083025323482,1.631005203329184,0.9482329781965874,-0.6420191389995313,2.1817838224273447,-1.4317335003476843,-1.4278356875709846,2.2034956173679316,2.557310070686487,0.07182814157448293,1.0368713386651436,-3.0,1.5590054065411256,1.1728490145068649,-1.6604722187931376,-0.6322414725243315,0.0709091105175068,-3.0,1.2965980936727493
2008-01-22,2.504837731297526,2.567547930967233,0.4983986687599477,-1.0408760214806516,2.5390647810687805,-2.7507489144597645,-2.6443673122968554,1.7272194531163658,1.751210290710442,1.44751101216342,1.780447549588201,2.4397024124263846,-2.4764904183603744,-2.455599563926322,1.3796881571699355,0.08029989260968202,2.561648543867493,2.2057741912410855,-2.022002342525894,2.25788184840122,-3.0,-2.6970245724859447,2.5396684459719463,2.105446590756326,0.4185965490871735,0.80764242698281,-1.5420979990444945,-0.33006346589490326,0.7445592571059079,-1.2896254280177482,-0.7185392255007741,1.2749051842512151,-1.5198109992191569,-1.0828847945803115
2008-03-11,1.9082149015734222,2.1704200611640396,1.749649714340245,-1.435972287357431,2.2036628963214286,-0.6563407615365681,-1.9235747804344927,1.9240993214044608,1.675522800442064,2.670177620916489,2.496290689649099,1.9785234083993235,-1.5061535470025784,-1.4295473548036552,0.9274554845781918,-0.4737250556589047,1.4767185079234189,0.8586304810452148,-1.9398019321865654,0.24494787821567704,-2.041063851928601,-1.879465261214383,1.3397067610053197,0.9827002361357281,-0.11520530005093041,3.0,-1.9963364437304316,-0.6002691797196879,0.042216085524095504,-2.722060329418215,-3.0,0.7411928781319501,-1.8615403417222074,-0.9933348995038322
2008-04-22,0.7349727949281771,1.1290752300712077,2.5498995037499084,0.500783696100868,2.0059115173407838,-0.857357502136863,-2.0053288459150993,0.8165856602030251,1.4109099661833175,2.165424023407564,1.9486814726289834,0.7678959861902336,-0.7404693347210907,-0.6288706297258223,0.9743898733761585,1.1894110712482922,0.7551431673709418,-0.8529590757771586,0.6546295514082892,0.3461103203568293,-0.22796641605166024,-0.2967396832248417,0.8359532345214097,0.7116125940752706,-1.8680088984172019,2.3997761044740606,-1.1806896142515357,-1.5428172842788546,0.08086656834290429,-1.494362968147856,-1.486995420694201,-0.854060619454867,-1.0858780533338872,-0.882607110619022
2008-06-17,-0.056567863751174736,0.24670256578408772,1.9367331047090046,2.0820259393848572,1.480460319302372,1.3419732163679527,-1.3520330252743278,2.2867893002254194,2.2743485204419507,1.2894509919747688,1.0482127070542795,-0.07802034379678394,1.0434266611164573,-0.27691379955274104,2.3968734147166177,-0.07445415790869947,0.4154725512534204,-0.5651632300073935,1.0290941497947284,-1.6554036339876526,0.2334364983568428,0.7929428729468712,0.445821498093604,-0.8399205979941438,2.136757572430954,1.4602579853696522,0.8156549112220982,-1.1432320923800037,0.7815406786792698,1.1090089350386265,1.5993783611229901,1.6770125868652805,0.7736664729833128,-0.7121818249125605
2008-07-29,0.010614438492288233,0.4364452488451598,1.109408173386419,0.9939098139809476,1.0316875547232138,2.477658933106351,-0.8524207843257532,1.8960928877770635,1.9213359799247876,0.5488217714542277,0.9282203050940492,1.0974097576499409,1.0496925148810985,-2.479667358450627,1.9873860549446247,1.7108162507431224,2.5811131667440286,-0.4180606761163348,-1.0470541335606869,-2.013202120061935,-1.0716225576830494,-0.973287353971544,0.46011221267087266,-0.7475291950051087,1.4618776672179448,1.0445127712342643,1.3492887908616815,0.07459363910469094,1.680585197870014,1.483232203484102,1.7238565811649775,1.0474734114799653,1.3184483631689625,-2.1180141758070867
2008-09-09,-0.5872083843280022,1.1108823236916,0.39589003058354855,-0.0011816267396155542,0.6151226461982106,0.8531329977789112,-0.7302611943805819,1.679135788291492,1.3223500905568155,0.7383709526936185,-0.04885715905862574,1.7612994483241402,-0.9140015531050532,-1.5912027722130466,1.511842226555566,-0.6892833210446951,1.605511628637269,0.7082747685279555,-0.4587829038762602,0.20920428086966178,-0.3968321898352868,-0.7573933323617726,1.8932622962142718,1.9027841764643436,0.10377163284531175,-0.3628695497788932,0.22259033393146502,0.7518094115561083,0.1301042604920131,0.49575320016967667,0.6614195407930432,0.2911837006433378,0.162858032582625,-1.6124405536464455
2008-10-21,2.180638820105811,3.0,2.209096438021276,0.7003464573146068,3.0,1.2443591412312682,-2.7935523103571347,1.8058153006545399,0.25573158063959384,2.920730460555577,0.8392001720358696,3.0,-0.2753017874163472,-1.7940764994542278,0.2786592265847682,0.7635958407372933,2.7562782843716453,2.494836446569411,-3.0,-3.0,-3.0,-3.0,-3.0,-2.712352167244287,-1.2995802566309975,-1.5033777381189959,-0.5047197260488571,-3.0,-1.4668160642884094,-1.481685534160961,-1.8149140134466195,-1.6970506631647582,-0.22715296003703367,-1.1180296473053792
2008-12-08,0.34193897270378976,2.1062114985106017,0.7925410720658727,0.9753232715846083,1.7333842968353854,-2.629803725890184,-2.2107983278848855,2.3038876127756795,-2.234158773651438,3.0,0.43358462961484545,2.423719456369285,-3.0,-1.158625407671154,-2.0596505111218635,2.125181957031808,1.5111138550376397,1.3459769975149007,-2.165227699233763,-1.307626462668336,-2.0566573953583833,-2.153063156902865,-1.5127025635931157,0.24871253777356964,-2.860302673505789,-3.0,-3.0,-1.6203810884156684,-2.8277618408240075,-2.761878987300619,-2.4674506684265527,-2.3685671302353852,-3.0,-0.7582874467385249
2009-01-21,0.29232711574357706,1.0506826994938678,0.10682589420316833,1.4343989804075838,0.8408318270462052,-2.3376345770186617,-1.2664892867281534,2.048584478889856,-1.4316970594252925,1.9664156144052825,-0.14203088309701373,0.8802815181589372,-1.5781981620683738,-2.513363855728003,-1.9025329676161449,0.7835262758181563,1.7936487611030432,0.4651132717667772,-0.7957929752210835,-0.1367921752210012,-0.8521039117365596,-1.022665160454318,-0.07175926304888372,0.6760256168381099,-0.19988500762323433,-1.3874860532565196,-1.731730051102588,-0.88411202906705,-1.557418691993003,-1.4888306432383465,-1.3651781071571127,-0.3486509176863873,-1.7807873128613243,-0.485071250072648
2009-03-10,0.29232711574357706,1.0506826994938678,0.10682589420316833,1.4343989804075838,0.8408318270462052,-2.3376345770186617,-1.2664892867281534,2.048584478889856,-1.4316970594252925,1.9664156144052825,-0.14203088309701373,0.8802815181589372,-1.5781981620683738,-2.513363855728003,-1.9025329676161449,0.7835262758181563,1.7936487611030432,0.4651132717667772,-0.7957929752210835,-0.1367921752210012,-0.8521039117365596,-1.022665160454318,-0.07175926304888372,0.6760256168381099,-0.19988500762323433,-1.3874860532565196,-1.731730051102588,-0.88411202906705,-1.557418691993003,-1.4888306432383465,-1.3651781071571127,-0.3486509176863873,-1.7807873128613243,-0.485071250072648
2009-04-21,0.29232711574357706,1.0506826994938678,0.10682589420316833,1.4343989804075838,0.8408318270462052,-2.3376345770186617,-1.2664892867281534,2.048584478889856,-1.4316970594252925,1.9664156144052825,-0.14203088309701373,0.8802815181589372,-1.5781981620683738,-2.513363855728003,-1.9025329676161449,0.7835262758181563,1.7936487611030432,0.4651132717667772,-0.7957929752210835,-0.1367921752210012,-0.8521039117365596,-1.022665160454318,-0.07175926304888372,0.6760256168381099,-0.19988500762323433,-1.3874860532565196,-1.731730051102588,-0.88411202906705,-1.557418691993003,-1.4888306432383465,-1.3651781071571127,-0.3486509176863873,-1.7807873128613243,-0.485071250072648
2009-06-16,0.29232711574357706,1.0506826994938678,0.10682589420316833,1.4343989804075838,0.8408318270462052,-2.3376345770186617,-1.2664892867281534,2.048584478889856,-1.4316970594252925,1.9664156144052825,-0.14203088309701373,0.8802815181589372,-1.5781981620683738,-2.513363855728003,-1.9025329676161449,0.7835262758181563,1.7936487611030432,0.4651132717667772,-0.7957929752210835,-0.1367921752210012,-0.8521039117365596,-1.022665160454318,-0.07175926304888372,0.6760256168381099,-0.19988500762323433,-1.3874860532565196,-1.731730051102588,-0.88411202906705,-1.557418691993003,-1.4888306432383465,-1.3651781071571127,-0.3486509176863873,-1.7807873128613243,-0.485071250072648
2009-08-04,1.1748054484540802,-2.25287929324539,1.4975594096174507,0.32463838863930605,-2.5684747281929,0.451547715529088,-0.17898274450319984,1.1495030511324953,2.1202130454786583,0.37042816667875644,1.4897946259114159,-1.8022357150004675,1.4483829079534374,-0.24723001291728727,-2.4046294547264386,1.8892783659933714,1.4259367886373369,-1.4706637829217564,1.9732130188150199,2.278923597293774,2.2280549191821057,2.1737504317232075,1.8508976705391755,0.5827157459591392,0.3279079508703571,0.7193437973786744,1.8313028131917597,0.8214904358864307,-2.136165060784075,1.9738205933858919,1.910582862269264,-1.1414107721500426,1.6977649357438118,2.5321462647094837
2009-09-15,0.9393805563889331,-1.5242987124078273,0.6727551693357502,-1.2760376111009772,-1.8444848186772635,-0.056163567681863105,-0.1674392007062741,1.2302904218736894,1.7039032734519741,0.6415309084103044,0.7802293818432391,-1.4966279623753393,0.659014378943536,-0.07524160423850962,-1.945591425364058,-0.37794875357904495,1.1970309810978181,-1.3321167136933791,1.7825962271305997,1.916889477407674,1.8749742719188707,1.896299877874283,1.70459740656307,1.5004373760257472,-0.7772350871001913,-0.8411531014187005,1.1864132667221226,0.5570860145311551,-1.788674476253376,1.5705031977856971,1.6342760303674921,-1.1600386139345689,1.00851692513389,1.5217718205053543
2009-10-27,0.7136958894775308,-1.1490291407596283,0.6876703850090187,-1.6153753009091576,-1.21487707725446,-0.30215773385482303,-1.760113998974774,1.4047916586976332,1.5360606432828134,-0.43755015441508477,0.7463377500418035,-1.26349678134774,0.5238871715276927,0.6271671507234673,-1.5313725046048996,1.6373162384061852,1.4777966481329774,-0.8178578910804589,1.5401372945529967,1.4638336143364135,1.6185069742060447,1.5816159418297198,1.4066339496394622,1.3368269477099695,-0.10838612925448239,0.6582916702129351,0.2930840218032388,1.6804651704564564,-1.1962079967577919,0.3585896381182701,0.40071008900514854,-1.9962750544225167,0.2673214018707243,0.9069202240218496
2009-12-08,1.232359849957262,-0.7858889197630926,0.08975469175817039,-1.648422764984762,-0.8990351892138869,-1.5393738901971121,-1.0527138542060375,1.0167084089124507,1.496035554301551,2.751941773185445,0.3828677476862724,-1.0949040126552885,-0.04636737974832142,0.36411016439761523,-1.5287151018247782,0.20653999913307228,1.2861341445629766,-0.8038294332542323,1.3691942181942856,1.2866206703711205,1.2551162916007612,1.4051874352168607,1.356479036839604,1.403271570800599,-1.0405278792864037,-1.074265371549725,-0.47734115533344557,1.5825029095963794,-1.3213501729752204,0.09226175740959111,0.3698644845714312,-1.4980555827484892,-0.5727900200565027,0.633337500879442
