,T10Y2Y,BAA10Y,T10YFF,TB3SMFFM,BAAFF,MORTGAGE30US,DFF,UNRATE,CPIAUCSL,WM2NS,T10Y3M,BAMLH0A0HYM2,DGS10,MSPUS,CORESTICKM159SFRBATL,WM1NS,GFDEGDQ188S,VIXCLS,BAMLHYH0A0HYM2TRIV,BAMLCC0A0CMTRIV,BAMLHE00EHYITRIV,BAMLHYH0A3CMTRIV,BAMLCC1A013YTRIV,BAMLCC0A1AAATRIV,MEDCPIM158SFRBCLE,MICH,EXPINF10YR,DPCCRV1Q225SBEA,PCETRIM12M159SFRBDAL,EXPINF2YR,EXPINF1YR,STICKCPIM157SFRBATL,EXPINF30YR,CPALTT01CNM657N,IMPCH,INTDSRCNM193N
1998-09-22,-0.09003138018191058,3.0,-2.225961462585874,-2.769720820017045,-0.020228593814684954,-3.0,-0.8070369972758331,0.7309495388909396,1.514132046016992,1.5599876543327729,-3.0,3.0,-3.0,0.9887270591154969,-1.233530036400658,-0.41023696159079814,-1.340731046479038,1.9395768849533128,-2.1903502148620055,1.92733879815522,-3.0,-3.0,2.047354322633493,2.2427472667420707,0.7229435682955573,-1.4010036398712027,-3.0,1.4269353798659699,0.6605685208604261,-2.171842828291811,-1.227725254841661,-0.6965345635490445,-3.0,1.9671004289162808,1.6402044317023678,-1.033299210988336
1998-11-10,1.1903406081546886,1.678578617402594,0.28483764760367625,1.0745918457124934,2.362001220142682,-0.4057259052866342,-2.2937299898192642,-0.8650797396966841,1.7117922064718292,2.617729453923907,-0.6451990047242433,1.4068502695602656,-1.2027821978793585,0.8315980109568798,-2.1133452152181462,1.0001608929140011,-1.0830051313966416,0.22284143314735982,-0.9855658327810268,0.8120105807821071,-0.9463137027364031,-1.4249630753058122,1.293184398767644,1.107429151448267,-1.9344318168437036,-1.5380387483202256,-1.5625362437613426,0.12203940765702007,1.6891805332323613,-1.7619279098912743,-1.6945191955301613,-0.9819000571745271,-1.5191668256030297,-0.48105593320184886,0.204363555447623,-0.953462589245585
1998-12-15,0.09355229590566462,1.3784708799144998,-0.8334091704148172,1.5075428061019711,0.6278801202554402,-1.3169784284078732,-0.6709242126664099,-0.7758128508870625,1.7332036073410737,2.3292151160564094,-1.172982890826515,0.9091124640173258,-1.3066256270698435,0.7134297694434194,-2.7813816978757053,1.654900263672353,-0.863598599431344,0.2983746653223028,0.15694337422236523,1.9577314009391118,0.1662264565767878,-0.7180529447643572,1.6639872890392522,1.658099906789542,-1.9947748413945097,0.15468602146613336,-1.3320834922861706,-0.033162694947993045,1.7085680108509493,-1.4665304572834796,-1.7028310369606603,-1.1690302446077128,-1.3203429406817644,0.2674787957678753,-1.4619897827670985,-1.6622932686996639
1999-01-26,-0.4887980777921877,0.9292167038107882,0.07699610846645934,1.1950403657513315,0.8136142893323624,-0.5290298440696327,-0.7900747844477873,-1.9871096388260796,1.6511175260883832,1.1245850666367112,-0.42262850004303104,0.5997206102370201,-0.8357811841159853,2.284620906684817,-2.042643822004124,-0.10152337894931965,-1.1508303305390823,0.17492751521486508,0.6805897565041386,1.786973620997197,0.7389200933448213,-0.04622191953660622,1.5075247554968687,1.425548526811867,-1.938950025236791,1.3645047780318111,-0.6002174624539738,-2.4327387365284596,1.596221092452261,-0.6347488903569252,-0.5706284714769434,1.183302725092938,-0.5911065229407982,0.640379075721374,-1.0676585899187316,-1.2225234036677988
1999-03-23,-0.018261015804561475,-0.016550920040219682,1.2236017257357448,0.6443903550157829,0.9910526136866491,1.4571529530802565,-0.5660579205219666,-2.0617701385964575,1.2840102655377512,1.3578024903065147,1.774157643020181,-0.04862062642727155,0.8646960965722179,1.4529663145128044,-1.903912472134815,0.2681239541641424,-1.367629879141542,-0.35079241202890066,0.9023895534820237,0.7903961043243568,1.5562749994672458,0.2855151891764003,1.5583769565086758,0.1091054081665559,-0.8841900357499561,1.4987626645433048,0.7983493022098994,-1.408247066680718,-1.0033147970042549,1.130899897779982,1.4105046092321354,-0.21074321742017327,0.7439077401554659,-0.8086846406365583,-1.3504109535964395,-1.1180339887498196
1999-05-11,1.4582246166505184,-1.9258330087448978,1.840248705605695,0.9233261657720753,1.2755587616822732,1.5064769344712403,-0.5435938743964811,-1.4898112741350216,1.9943708147446915,1.0768023294900408,2.0173292542219485,-1.9299522367488775,2.4655819865505237,1.3227551689089132,-1.7758115397604264,-0.2200778874965652,-2.076871150905796,-0.5217115494901977,1.4169404708811169,-0.1214789697669562,1.4465283820414714,1.7930175616939463,1.6257794632601716,-1.4617442096210858,-0.9165527840945983,1.619652146462846,1.577039534735401,1.060203607870132,-0.972977332433179,1.5727157075795204,1.6413785716825553,-2.109026088021393,1.5821792797256065,-1.36552904858169,0.3883932143371678,-0.7518094115560547
1999-06-22,0.5610869091663496,-1.5423612853252122,2.0293364679179478,0.8833378516521206,2.0590357500677414,3.0,-0.3146992877501771,-0.2823979100947993,1.3984225206541818,1.089999910859403,1.983933984255024,-1.3474457559881856,2.217695747642964,0.9484381672618044,-1.7083177390272826,-0.1515325880056985,-1.3769927813207345,-1.3986040257450165,0.6781580665679589,-1.7092779710211459,0.7968250685363283,1.121697761354531,1.1412235277631928,-2.228762624122767,-1.498982669013244,-0.567536077220303,1.6628916905854476,1.0109201053789842,-0.43376414702097726,0.6340823880789848,-0.7864228596468014,-1.9742978193979523,1.779191290867857,-1.713799662920561,1.669387589148756,-2.842291291542601
1999-08-17,0.10494481680818896,-0.39968400135586446,0.9808141151724921,-0.27969561388936254,1.193643686585035,2.7269599931470103,0.7568775566356575,-1.2617234805534092,1.810131978664328,1.8723662818904323,0.8744021880285517,-0.6969254107895272,1.231492441467321,0.7882134850418528,-1.0883729212608058,-0.3890227002077587,-1.602511327671744,-1.0589087760951896,0.1008874562310358,-1.3064989777802385,0.02128632725818714,0.3998826876819485,1.3728765911444558,-1.219512251721347,0.9989449966702298,1.2980491157306995,1.5553257725170149,1.1394483133209152,-0.6540617494520478,1.481589683785041,1.2032756976595023,-0.2895984346648208,1.5554398848390791,1.7155101333146523,2.0488738005909446,-1.507556722888781
1999-09-28,0.2753232270686889,0.8011624650710647,-0.22776915374906884,-1.7565071461139294,0.06682128250421493,1.0715580213334526,2.063714992857189,-0.9422856948634384,1.750027807161479,0.540855944185349,0.5615978487872328,0.7185387545886404,0.9254904663950785,0.9035594421233224,-1.0526863325760105,-1.591015777944477,-1.1565478392155915,0.4718572458229958,-0.9453101116345282,-0.4935026968605031,-0.10880682720601922,-1.2869159530601635,1.9605371413852088,-0.3997488135263167,0.9700564365908744,0.202413360322449,1.364880614018926,0.8629607526227779,0.9862898458734655,0.924656703101762,0.2705141134766228,-0.49370587458548987,1.4080196653942034,2.2529618297451277,1.46602159316101,-1.0571882797418237
1999-11-09,-0.8588896306875375,-0.9209298828542761,-0.029414374620073732,0.13581758366906058,-0.3528346039398168,0.9170939243350117,1.140028486086947,-1.7535089730010136,1.690746435871897,2.1322331331118467,-1.0547015844523202,1.0313844842702422,0.7944766154454194,2.285682722381538,0.36759165074235706,0.2903907919005081,-0.9196235710841165,-0.4385381810761327,-0.6156838696840015,0.7533974077078414,0.9576700448628587,-1.4186346607586922,2.278820478723369,0.5397015790749581,0.29846151360552436,1.5106675281554915,1.424213147724021,1.8167403909033448,2.188929416083302,1.9441993305315899,1.7166322324828194,1.994570110668666,1.3443714519498606,-0.7995654497088949,0.45469343200009815,-0.751809411556092
1999-12-14,-1.6556310692388212,-2.504747493078336,0.5341917650850526,2.0830727925630406,-0.511626436780773,0.7291735162819353,0.9167764166726802,-2.2461849168671635,1.6969002900319523,2.361787166299054,-1.0391755785792571,-0.5822389836639136,1.3800035697572306,1.5483619748746356,1.0451686219786116,1.8037365876132863,-0.7887715858628221,-0.08986709319520297,0.7079751246799263,0.5414641885588557,2.0392474658201794,-0.8076070554678474,1.8895597345097523,0.30991649939316956,1.0654454084254015,1.785796279610888,1.5803123550663227,1.5191321723528848,2.377682327710499,2.0817727207814514,2.032881602021576,0.07213706694262564,1.4833853028446797,0.04651937486926907,-0.8191503464957854,-0.5345224838248283
2000-01-25,0.5805442641132295,-2.664430549817325,1.192298857155114,1.2622490569885145,-0.47191369111272113,2.0674982147340795,1.017735126695691,-1.4475514552865234,1.5561538947562679,1.2557837703567583,0.5206673549767825,-0.3473469857963388,2.458593796413975,1.081754008219204,2.6739039281708776,0.22724797018111648,-1.8690244194684504,0.03206143763434328,0.2962034282108552,-0.053589179299388875,1.8615087914992063,-0.8268913850043413,1.5901130094191878,-0.40040797353156304,2.330197031949658,1.2340515772018854,1.6217210474134727,1.6919539054460906,2.5056488712263256,1.4348125453937002,1.062842271530077,2.1368178896259336,1.6105097863846016,1.0854032524564516,-0.9382340986399614,-0.24253562503630136
2000-03-14,0.5805442641132295,-2.664430549817325,1.192298857155114,1.2622490569885145,-0.47191369111272113,2.0674982147340795,1.017735126695691,-1.4475514552865234,1.5561538947562679,1.2557837703567583,0.5206673549767825,-0.3473469857963388,2.458593796413975,1.081754008219204,2.6739039281708776,0.22724797018111648,-1.8690244194684504,0.03206143763434328,0.2962034282108552,-0.053589179299388875,1.8615087914992063,-0.8268913850043413,1.5901130094191878,-0.40040797353156304,2.330197031949658,1.2340515772018854,1.6217210474134727,1.6919539054460906,2.5056488712263256,1.4348125453937002,1.062842271530077,2.1368178896259336,1.6105097863846016,1.0854032524564516,-0.9382340986399614,-0.24253562503630136
2000-05-09,0.5805442641132295,-2.664430549817325,1.192298857155114,1.2622490569885145,-0.47191369111272113,2.0674982147340795,1.017735126695691,-1.4475514552865234,1.5561538947562679,1.2557837703567583,0.5206673549767825,-0.3473469857963388,2.458593796413975,1.081754008219204,2.6739039281708776,0.22724797018111648,-1.8690244194684504,0.03206143763434328,0.2962034282108552,-0.053589179299388875,1.8615087914992063,-0.8268913850043413,1.5901130094191878,-0.40040797353156304,2.330197031949658,1.2340515772018854,1.6217210474134727,1.6919539054460906,2.5056488712263256,1.4348125453937002,1.062842271530077,2.1368178896259336,1.6105097863846016,1.0854032524564516,-0.9382340986399614,-0.24253562503630136
2000-06-20,0.5805442641132295,-2.664430549817325,1.192298857155114,1.2622490569885145,-0.47191369111272113,2.0674982147340795,1.017735126695691,-1.4475514552865234,1.5561538947562679,1.2557837703567583,0.5206673549767825,-0.3473469857963388,2.458593796413975,1.081754008219204,2.6739039281708776,0.22724797018111648,-1.8690244194684504,0.03206143763434328,0.2962034282108552,-0.053589179299388875,1.8615087914992063,-0.8268913850043413,1.5901130094191878,-0.40040797353156304,2.330197031949658,1.2340515772018854,1.6217210474134727,1.6919539054460906,2.5056488712263256,1.4348125453937002,1.062842271530077,2.1368178896259336,1.6105097863846016,1.0854032524564516,-0.9382340986399614,-0.24253562503630136
2000-08-15,0.5805442641132295,-2.664430549817325,1.192298857155114,1.2622490569885145,-0.47191369111272113,2.0674982147340795,1.017735126695691,-1.4475514552865234,1.5561538947562679,1.2557837703567583,0.5206673549767825,-0.3473469857963388,2.458593796413975,1.081754008219204,2.6739039281708776,0.22724797018111648,-1.8690244194684504,0.03206143763434328,0.2962034282108552,-0.053589179299388875,1.8615087914992063,-0.8268913850043413,1.5901130094191878,-0.40040797353156304,2.330197031949658,1.2340515772018854,1.6217210474134727,1.6919539054460906,2.5056488712263256,1.4348125453937002,1.062842271530077,2.1368178896259336,1.6105097863846016,1.0854032524564516,-0.9382340986399614,-0.24253562503630136
2000-09-26,0.5805442641132295,-2.664430549817325,1.192298857155114,1.2622490569885145,-0.47191369111272113,2.0674982147340795,1.017735126695691,-1.4475514552865234,1.5561538947562679,1.2557837703567583,0.5206673549767825,-0.3473469857963388,2.458593796413975,1.081754008219204,2.6739039281708776,0.22724797018111648,-1.8690244194684504,0.03206143763434328,0.2962034282108552,-0.053589179299388875,1.8615087914992063,-0.8268913850043413,1.5901130094191878,-0.40040797353156304,2.330197031949658,1.2340515772018854,1.6217210474134727,1.6919539054460906,2.5056488712263256,1.4348125453937002,1.062842271530077,2.1368178896259336,1.6105097863846016,1.0854032524564516,-0.9382340986399614,-0.24253562503630136
2000-11-08,0.5805442641132295,-2.664430549817325,1.192298857155114,1.2622490569885145,-0.47191369111272113,2.0674982147340795,1.017735126695691,-1.4475514552865234,1.5561538947562679,1.2557837703567583,0.5206673549767825,-0.3473469857963388,2.458593796413975,1.081754008219204,2.6739039281708776,0.22724797018111648,-1.8690244194684504,0.03206143763434328,0.2962034282108552,-0.053589179299388875,1.8615087914992063,-0.8268913850043413,1.5901130094191878,-0.40040797353156304,2.330197031949658,1.2340515772018854,1.6217210474134727,1.6919539054460906,2.5056488712263256,1.4348125453937002,1.062842271530077,2.1368178896259336,1.6105097863846016,1.0854032524564516,-0.9382340986399614,-0.24253562503630136
2000-12-12,0.5805442641132295,-2.664430549817325,1.192298857155114,1.2622490569885145,-0.47191369111272113,2.0674982147340795,1.017735126695691,-1.4475514552865234,1.5561538947562679,1.2557837703567583,0.5206673549767825,-0.3473469857963388,2.458593796413975,1.081754008219204,2.6739039281708776,0.22724797018111648,-1.8690244194684504,0.03206143763434328,0.2962034282108552,-0.053589179299388875,1.8615087914992063,-0.8268913850043413,1.5901130094191878,-0.40040797353156304,2.330197031949658,1.2340515772018854,1.6217210474134727,1.6919539054460906,2.5056488712263256,1.4348125453937002,1.062842271530077,2.1368178896259336,1.6105097863846016,1.0854032524564516,-0.9382340986399614,-0.24253562503630136
2001-01-23,0.5805442641132295,-2.664430549817325,1.192298857155114,1.2622490569885145,-0.47191369111272113,2.0674982147340795,1.017735126695691,-1.4475514552865234,1.5561538947562679,1.2557837703567583,0.5206673549767825,-0.3473469857963388,2.458593796413975,1.081754008219204,2.6739039281708776,0.22724797018111648,-1.8690244194684504,0.03206143763434328,0.2962034282108552,-0.053589179299388875,1.8615087914992063,-0.8268913850043413,1.5901130094191878,-0.40040797353156304,2.330197031949658,1.2340515772018854,1.6217210474134727,1.6919539054460906,2.5056488712263256,1.4348125453937002,1.062842271530077,2.1368178896259336,1.6105097863846016,1.0854032524564516,-0.9382340986399614,-0.24253562503630136
2001-03-13,0.5805442641132295,-2.664430549817325,1.192298857155114,1.2622490569885145,-0.47191369111272113,2.0674982147340795,1.017735126695691,-1.4475514552865234,1.5561538947562679,1.2557837703567583,0.5206673549767825,-0.3473469857963388,2.458593796413975,1.081754008219204,2.6739039281708776,0.22724797018111648,-1.8690244194684504,0.03206143763434328,0.2962034282108552,-0.053589179299388875,1.8615087914992063,-0.8268913850043413,1.5901130094191878,-0.40040797353156304,2.330197031949658,1.2340515772018854,1.6217210474134727,1.6919539054460906,2.5056488712263256,1.4348125453937002,1.062842271530077,2.1368178896259336,1.6105097863846016,1.0854032524564516,-0.9382340986399614,-0.24253562503630136
2001-05-08,0.5805442641132295,-2.664430549817325,1.192298857155114,1.2622490569885145,-0.47191369111272113,2.0674982147340795,1.017735126695691,-1.4475514552865234,1.5561538947562679,1.2557837703567583,0.5206673549767825,-0.3473469857963388,2.458593796413975,1.081754008219204,2.6739039281708776,0.22724797018111648,-1.8690244194684504,0.03206143763434328,0.2962034282108552,-0.053589179299388875,1.8615087914992063,-0.8268913850043413,1.5901130094191878,-0.40040797353156304,2.330197031949658,1.2340515772018854,1.6217210474134727,1.6919539054460906,2.5056488712263256,1.4348125453937002,1.062842271530077,2.1368178896259336,1.6105097863846016,1.0854032524564516,-0.9382340986399614,-0.24253562503630136
2001-06-19,0.5805442641132295,-2.664430549817325,1.192298857155114,1.2622490569885145,-0.47191369111272113,2.0674982147340795,1.017735126695691,-1.4475514552865234,1.5561538947562679,1.2557837703567583,0.5206673549767825,-0.3473469857963388,2.458593796413975,1.081754008219204,2.6739039281708776,0.22724797018111648,-1.8690244194684504,0.03206143763434328,0.2962034282108552,-0.053589179299388875,1.8615087914992063,-0.8268913850043413,1.5901130094191878,-0.40040797353156304,2.330197031949658,1.2340515772018854,1.6217210474134727,1.6919539054460906,2.5056488712263256,1.4348125453937002,1.062842271530077,2.1368178896259336,1.6105097863846016,1.0854032524564516,-0.9382340986399614,-0.24253562503630136
2001-08-14,0.5805442641132295,-2.664430549817325,1.192298857155114,1.2622490569885145,-0.47191369111272113,2.0674982147340795,1.017735126695691,-1.4475514552865234,1.5561538947562679,1.2557837703567583,0.5206673549767825,-0.3473469857963388,2.458593796413975,1.081754008219204,2.6739039281708776,0.22724797018111648,-1.8690244194684504,0.03206143763434328,0.2962034282108552,-0.053589179299388875,1.8615087914992063,-0.8268913850043413,1.5901130094191878,-0.40040797353156304,2.330197031949658,1.2340515772018854,1.6217210474134727,1.6919539054460906,2.5056488712263256,1.4348125453937002,1.062842271530077,2.1368178896259336,1.6105097863846016,1.0854032524564516,-0.9382340986399614,-0.24253562503630136
2001-09-25,0.5805442641132295,-2.664430549817325,1.192298857155114,1.2622490569885145,-0.47191369111272113,2.0674982147340795,1.017735126695691,-1.4475514552865234,1.5561538947562679,1.2557837703567583,0.5206673549767825,-0.3473469857963388,2.458593796413975,1.081754008219204,2.6739039281708776,0.22724797018111648,-1.8690244194684504,0.03206143763434328,0.2962034282108552,-0.053589179299388875,1.8615087914992063,-0.8268913850043413,1.5901130094191878,-0.40040797353156304,2.330197031949658,1.2340515772018854,1.6217210474134727,1.6919539054460906,2.5056488712263256,1.4348125453937002,1.062842271530077,2.1368178896259336,1.6105097863846016,1.0854032524564516,-0.9382340986399614,-0.24253562503630136
2001-10-30,0.5805442641132295,-2.664430549817325,1.192298857155114,1.2622490569885145,-0.47191369111272113,2.0674982147340795,1.017735126695691,-1.4475514552865234,1.5561538947562679,1.2557837703567583,0.5206673549767825,-0.3473469857963388,2.458593796413975,1.081754008219204,2.6739039281708776,0.22724797018111648,-1.8690244194684504,0.03206143763434328,0.2962034282108552,-0.053589179299388875,1.8615087914992063,-0.8268913850043413,1.5901130094191878,-0.40040797353156304,2.330197031949658,1.2340515772018854,1.6217210474134727,1.6919539054460906,2.5056488712263256,1.4348125453937002,1.062842271530077,2.1368178896259336,1.6105097863846016,1.0854032524564516,-0.9382340986399614,-0.24253562503630136
2001-12-04,0.5805442641132295,-2.664430549817325,1.192298857155114,1.2622490569885145,-0.47191369111272113,2.0674982147340795,1.017735126695691,-1.4475514552865234,1.5561538947562679,1.2557837703567583,0.5206673549767825,-0.3473469857963388,2.458593796413975,1.081754008219204,2.6739039281708776,0.22724797018111648,-1.8690244194684504,0.03206143763434328,0.2962034282108552,-0.053589179299388875,1.8615087914992063,-0.8268913850043413,1.5901130094191878,-0.40040797353156304,2.330197031949658,1.2340515772018854,1.6217210474134727,1.6919539054460906,2.5056488712263256,1.4348125453937002,1.062842271530077,2.1368178896259336,1.6105097863846016,1.0854032524564516,-0.9382340986399614,-0.24253562503630136
2002-01-22,0.5805442641132295,-2.664430549817325,1.192298857155114,1.2622490569885145,-0.47191369111272113,2.0674982147340795,1.017735126695691,-1.4475514552865234,1.5561538947562679,1.2557837703567583,0.5206673549767825,-0.3473469857963388,2.458593796413975,1.081754008219204,2.6739039281708776,0.22724797018111648,-1.8690244194684504,0.03206143763434328,0.2962034282108552,-0.053589179299388875,1.8615087914992063,-0.8268913850043413,1.5901130094191878,-0.40040797353156304,2.330197031949658,1.2340515772018854,1.6217210474134727,1.6919539054460906,2.5056488712263256,1.4348125453937002,1.062842271530077,2.1368178896259336,1.6105097863846016,1.0854032524564516,-0.9382340986399614,-0.24253562503630136
2002-03-12,0.17943627221167996,-1.0067842564547829,1.4683472212335134,1.9682980680541924,1.1900508009279007,-0.0781288924930805,-0.9999460657541981,0.967608595676538,2.6930661153604416,1.5629967671687583,1.265151390558425,-1.7162555404052904,1.5561295760685379,1.607500125418682,0.14596643770410725,0.10262653157598993,0.673630889316466,-1.1070554046350842,0.9231720499301719,0.21788349421391506,-0.5191745551759903,0.15766481380274505,0.6360418600469134,0.35176423113943994,-0.46614163607449594,0.9547113761015852,0.3143449869187844,-0.4613684770642314,-1.4524034676854685,-1.037821233464063,-1.3706032310472436,-2.291406135583619,0.6044370926855598,-2.6058752380269916,-1.560555465091942,-2.33699346630124
2002-04-30,0.2942641153048018,-0.8057634412125433,0.6172609024299713,0.7471214035116217,0.4620479905283157,-0.003825003997941828,-0.504406247460978,1.2484400331599312,2.247114780772569,0.45019498512152273,0.6627072754077865,-1.6414193344069359,0.6213012100451184,0.9192325985092448,-0.3637586267691423,1.0099973490691436,1.5520379836266092,-0.5207776671464751,1.6042901106271066,0.7841054952735961,-0.06455854936638046,1.4439612479594497,1.3049644763467527,1.5745316530014315,-0.792540957704559,1.0241007897243624,1.763077437632877,1.534063093125775,-1.2792354496501912,1.008912820023805,0.4980576616690218,-0.46888496216674147,1.7681838064735436,-0.5874170339485283,0.2702106039669464,-1.3651506743343773
2002-06-18,0.6590478416710305,0.3205792946419543,0.050154004631834496,0.3460494861464832,0.2424855655812703,-0.8153592979348835,-0.6093837018826699,0.7323144127875519,1.5626768760736132,1.4367563276158906,-0.14307523899697366,-0.15931165707308567,-0.47740764219266607,0.6044889484387219,-3.0,-0.1003937362487013,1.4873881370269424,0.29021002525914463,0.1530840730815328,2.682979968137981,-0.897426700003253,-1.5198101285967482,2.9055299869321733,2.7938575284459506,-0.8486933793103953,0.8708165523861072,0.21505735337887585,1.0830359094758597,-1.781591363378828,0.03149177821661525,-0.02856552659498005,-1.6055631036775655,0.23930847283750525,-1.1920635471763605,1.6467699487311724,-0.9161965173443102
2002-08-06,2.801578409260346,2.2580041751753224,-2.2928979904821727,-1.3211608688312,-1.6364005944771596,-1.996606403601193,-0.1768917352218872,-0.751469149299051,1.8267660695861105,2.557983761253621,-2.3529002091183027,2.2945433704768017,-2.5126702273989845,-0.9688920973611674,-2.362546723924333,-0.6963122067673284,1.7590717550554313,3.0,-2.7816313974222497,1.0250792531972024,-2.3515504287594133,-2.5235147549548187,1.7504063946247153,2.367847728588723,-1.1256471331642215,0.4730765421934245,-3.0,0.6993617365452715,-1.4623531209469691,-2.1975207268023262,-1.0586016738689952,-0.2743170371489868,-2.9553998825402763,0.8026453622111361,2.457936309425625,-0.5956833971811203
2002-09-17,-0.8353952419818168,2.3138981197521358,-2.432486685513629,-1.4657550237188353,-2.2220534692812386,-1.8822385492763125,-0.5061141013044679,-0.8729291363204618,1.581978124677278,2.315986007834857,-2.7153802252369816,1.3170214697359148,-2.509347986029819,-1.4797147599604081,-2.0650919145856697,-1.1375538495892288,1.2059502398475677,1.8727079622862317,-0.9842497814680883,3.0,-1.1028362572211163,-1.5282001750120184,2.1033153005902476,2.39084442850054,0.24195041667536515,-0.11306655345946383,-2.444524425746502,0.5782953008020887,-0.5231216362385982,-2.0462056413512624,-1.2151911008394902,-1.467972636122139,-2.4681469494980197,1.5510694265764926,1.3637128131055312,-0.3244428422613342
2002-10-30,-0.8353952419818168,2.3138981197521358,-2.432486685513629,-1.4657550237188353,-2.2220534692812386,-1.8822385492763125,-0.5061141013044679,-0.8729291363204618,1.581978124677278,2.315986007834857,-2.7153802252369816,1.3170214697359148,-2.509347986029819,-1.4797147599604081,-2.0650919145856697,-1.1375538495892288,1.2059502398475677,1.8727079622862317,-0.9842497814680883,3.0,-1.1028362572211163,-1.5282001750120184,2.1033153005902476,2.39084442850054,0.24195041667536515,-0.11306655345946383,-2.444524425746502,0.5782953008020887,-0.5231216362385982,-2.0462056413512624,-1.2151911008394902,-1.467972636122139,-2.4681469494980197,1.5510694265764926,1.3637128131055312,-0.3244428422613342
2002-12-03,-0.8353952419818168,2.3138981197521358,-2.432486685513629,-1.4657550237188353,-2.2220534692812386,-1.8822385492763125,-0.5061141013044679,-0.8729291363204618,1.581978124677278,2.315986007834857,-2.7153802252369816,1.3170214697359148,-2.509347986029819,-1.4797147599604081,-2.0650919145856697,-1.1375538495892288,1.2059502398475677,1.8727079622862317,-0.9842497814680883,3.0,-1.1028362572211163,-1.5282001750120184,2.1033153005902476,2.39084442850054,0.24195041667536515,-0.11306655345946383,-2.444524425746502,0.5782953008020887,-0.5231216362385982,-2.0462056413512624,-1.2151911008394902,-1.467972636122139,-2.4681469494980197,1.5510694265764926,1.3637128131055312,-0.3244428422613342
2003-01-21,-0.8353952419818168,2.3138981197521358,-2.432486685513629,-1.4657550237188353,-2.2220534692812386,-1.8822385492763125,-0.5061141013044679,-0.8729291363204618,1.581978124677278,2.315986007834857,-2.7153802252369816,1.3170214697359148,-2.509347986029819,-1.4797147599604081,-2.0650919145856697,-1.1375538495892288,1.2059502398475677,1.8727079622862317,-0.9842497814680883,3.0,-1.1028362572211163,-1.5282001750120184,2.1033153005902476,2.39084442850054,0.24195041667536515,-0.11306655345946383,-2.444524425746502,0.5782953008020887,-0.5231216362385982,-2.0462056413512624,-1.2151911008394902,-1.467972636122139,-2.4681469494980197,1.5510694265764926,1.3637128131055312,-0.3244428422613342
2003-03-11,-0.8353952419818168,2.3138981197521358,-2.432486685513629,-1.4657550237188353,-2.2220534692812386,-1.8822385492763125,-0.5061141013044679,-0.8729291363204618,1.581978124677278,2.315986007834857,-2.7153802252369816,1.3170214697359148,-2.509347986029819,-1.4797147599604081,-2.0650919145856697,-1.1375538495892288,1.2059502398475677,1.8727079622862317,-0.9842497814680883,3.0,-1.1028362572211163,-1.5282001750120184,2.1033153005902476,2.39084442850054,0.24195041667536515,-0.11306655345946383,-2.444524425746502,0.5782953008020887,-0.5231216362385982,-2.0462056413512624,-1.2151911008394902,-1.467972636122139,-2.4681469494980197,1.5510694265764926,1.3637128131055312,-0.3244428422613342
2003-04-29,-0.8353952419818168,2.3138981197521358,-2.432486685513629,-1.4657550237188353,-2.2220534692812386,-1.8822385492763125,-0.5061141013044679,-0.8729291363204618,1.581978124677278,2.315986007834857,-2.7153802252369816,1.3170214697359148,-2.509347986029819,-1.4797147599604081,-2.0650919145856697,-1.1375538495892288,1.2059502398475677,1.8727079622862317,-0.9842497814680883,3.0,-1.1028362572211163,-1.5282001750120184,2.1033153005902476,2.39084442850054,0.24195041667536515,-0.11306655345946383,-2.444524425746502,0.5782953008020887,-0.5231216362385982,-2.0462056413512624,-1.2151911008394902,-1.467972636122139,-2.4681469494980197,1.5510694265764926,1.3637128131055312,-0.3244428422613342
2003-06-17,-0.8353952419818168,2.3138981197521358,-2.432486685513629,-1.4657550237188353,-2.2220534692812386,-1.8822385492763125,-0.5061141013044679,-0.8729291363204618,1.581978124677278,2.315986007834857,-2.7153802252369816,1.3170214697359148,-2.509347986029819,-1.4797147599604081,-2.0650919145856697,-1.1375538495892288,1.2059502398475677,1.8727079622862317,-0.9842497814680883,3.0,-1.1028362572211163,-1.5282001750120184,2.1033153005902476,2.39084442850054,0.24195041667536515,-0.11306655345946383,-2.444524425746502,0.5782953008020887,-0.5231216362385982,-2.0462056413512624,-1.2151911008394902,-1.467972636122139,-2.4681469494980197,1.5510694265764926,1.3637128131055312,-0.3244428422613342
2003-08-05,-0.8353952419818168,2.3138981197521358,-2.432486685513629,-1.4657550237188353,-2.2220534692812386,-1.8822385492763125,-0.5061141013044679,-0.8729291363204618,1.581978124677278,2.315986007834857,-2.7153802252369816,1.3170214697359148,-2.509347986029819,-1.4797147599604081,-2.0650919145856697,-1.1375538495892288,1.2059502398475677,1.8727079622862317,-0.9842497814680883,3.0,-1.1028362572211163,-1.5282001750120184,2.1033153005902476,2.39084442850054,0.24195041667536515,-0.11306655345946383,-2.444524425746502,0.5782953008020887,-0.5231216362385982,-2.0462056413512624,-1.2151911008394902,-1.467972636122139,-2.4681469494980197,1.5510694265764926,1.3637128131055312,-0.3244428422613342
2003-09-08,-0.8353952419818168,2.3138981197521358,-2.432486685513629,-1.4657550237188353,-2.2220534692812386,-1.8822385492763125,-0.5061141013044679,-0.8729291363204618,1.581978124677278,2.315986007834857,-2.7153802252369816,1.3170214697359148,-2.509347986029819,-1.4797147599604081,-2.0650919145856697,-1.1375538495892288,1.2059502398475677,1.8727079622862317,-0.9842497814680883,3.0,-1.1028362572211163,-1.5282001750120184,2.1033153005902476,2.39084442850054,0.24195041667536515,-0.11306655345946383,-2.444524425746502,0.5782953008020887,-0.5231216362385982,-2.0462056413512624,-1.2151911008394902,-1.467972636122139,-2.4681469494980197,1.5510694265764926,1.3637128131055312,-0.3244428422613342
2003-09-09,-0.8353952419818168,2.3138981197521358,-2.432486685513629,-1.4657550237188353,-2.2220534692812386,-1.8822385492763125,-0.5061141013044679,-0.8729291363204618,1.581978124677278,2.315986007834857,-2.7153802252369816,1.3170214697359148,-2.509347986029819,-1.4797147599604081,-2.0650919145856697,-1.1375538495892288,1.2059502398475677,1.8727079622862317,-0.9842497814680883,3.0,-1.1028362572211163,-1.5282001750120184,2.1033153005902476,2.39084442850054,0.24195041667536515,-0.11306655345946383,-2.444524425746502,0.5782953008020887,-0.5231216362385982,-2.0462056413512624,-1.2151911008394902,-1.467972636122139,-2.4681469494980197,1.5510694265764926,1.3637128131055312,-0.3244428422613342
2003-10-21,-0.8353952419818168,2.3138981197521358,-2.432486685513629,-1.4657550237188353,-2.2220534692812386,-1.8822385492763125,-0.5061141013044679,-0.8729291363204618,1.581978124677278,2.315986007834857,-2.7153802252369816,1.3170214697359148,-2.509347986029819,-1.4797147599604081,-2.0650919145856697,-1.1375538495892288,1.2059502398475677,1.8727079622862317,-0.9842497814680883,3.0,-1.1028362572211163,-1.5282001750120184,2.1033153005902476,2.39084442850054,0.24195041667536515,-0.11306655345946383,-2.444524425746502,0.5782953008020887,-0.5231216362385982,-2.0462056413512624,-1.2151911008394902,-1.467972636122139,-2.4681469494980197,1.5510694265764926,1.3637128131055312,-0.3244428422613342
2003-12-02,-0.8353952419818168,2.3138981197521358,-2.432486685513629,-1.4657550237188353,-2.2220534692812386,-1.8822385492763125,-0.5061141013044679,-0.8729291363204618,1.581978124677278,2.315986007834857,-2.7153802252369816,1.3170214697359148,-2.509347986029819,-1.4797147599604081,-2.0650919145856697,-1.1375538495892288,1.2059502398475677,1.8727079622862317,-0.9842497814680883,3.0,-1.1028362572211163,-1.5282001750120184,2.1033153005902476,2.39084442850054,0.24195041667536515,-0.11306655345946383,-2.444524425746502,0.5782953008020887,-0.5231216362385982,-2.0462056413512624,-1.2151911008394902,-1.467972636122139,-2.4681469494980197,1.5510694265764926,1.3637128131055312,-0.3244428422613342
2004-01-20,-0.8353952419818168,2.3138981197521358,-2.432486685513629,-1.4657550237188353,-2.2220534692812386,-1.8822385492763125,-0.5061141013044679,-0.8729291363204618,1.581978124677278,2.315986007834857,-2.7153802252369816,1.3170214697359148,-2.509347986029819,-1.4797147599604081,-2.0650919145856697,-1.1375538495892288,1.2059502398475677,1.8727079622862317,-0.9842497814680883,3.0,-1.1028362572211163,-1.5282001750120184,2.1033153005902476,2.39084442850054,0.24195041667536515,-0.11306655345946383,-2.444524425746502,0.5782953008020887,-0.5231216362385982,-2.0462056413512624,-1.2151911008394902,-1.467972636122139,-2.4681469494980197,1.5510694265764926,1.3637128131055312,-0.3244428422613342
2004-03-09,-0.8353952419818168,2.3138981197521358,-2.432486685513629,-1.4657550237188353,-2.2220534692812386,-1.8822385492763125,-0.5061141013044679,-0.8729291363204618,1.581978124677278,2.315986007834857,-2.7153802252369816,1.3170214697359148,-2.509347986029819,-1.4797147599604081,-2.0650919145856697,-1.1375538495892288,1.2059502398475677,1.8727079622862317,-0.9842497814680883,3.0,-1.1028362572211163,-1.5282001750120184,2.1033153005902476,2.39084442850054,0.24195041667536515,-0.11306655345946383,-2.444524425746502,0.5782953008020887,-0.5231216362385982,-2.0462056413512624,-1.2151911008394902,-1.467972636122139,-2.4681469494980197,1.5510694265764926,1.3637128131055312,-0.3244428422613342
2004-04-27,-0.8353952419818168,2.3138981197521358,-2.432486685513629,-1.4657550237188353,-2.2220534692812386,-1.8822385492763125,-0.5061141013044679,-0.8729291363204618,1.581978124677278,2.315986007834857,-2.7153802252369816,1.3170214697359148,-2.509347986029819,-1.4797147599604081,-2.0650919145856697,-1.1375538495892288,1.2059502398475677,1.8727079622862317,-0.9842497814680883,3.0,-1.1028362572211163,-1.5282001750120184,2.1033153005902476,2.39084442850054,0.24195041667536515,-0.11306655345946383,-2.444524425746502,0.5782953008020887,-0.5231216362385982,-2.0462056413512624,-1.2151911008394902,-1.467972636122139,-2.4681469494980197,1.5510694265764926,1.3637128131055312,-0.3244428422613342
2004-06-22,-0.8353952419818168,2.3138981197521358,-2.432486685513629,-1.4657550237188353,-2.2220534692812386,-1.8822385492763125,-0.5061141013044679,-0.8729291363204618,1.581978124677278,2.315986007834857,-2.7153802252369816,1.3170214697359148,-2.509347986029819,-1.4797147599604081,-2.0650919145856697,-1.1375538495892288,1.2059502398475677,1.8727079622862317,-0.9842497814680883,3.0,-1.1028362572211163,-1.5282001750120184,2.1033153005902476,2.39084442850054,0.24195041667536515,-0.11306655345946383,-2.444524425746502,0.5782953008020887,-0.5231216362385982,-2.0462056413512624,-1.2151911008394902,-1.467972636122139,-2.4681469494980197,1.5510694265764926,1.3637128131055312,-0.3244428422613342
2004-08-03,-0.8353952419818168,2.3138981197521358,-2.432486685513629,-1.4657550237188353,-2.2220534692812386,-1.8822385492763125,-0.5061141013044679,-0.8729291363204618,1.581978124677278,2.315986007834857,-2.7153802252369816,1.3170214697359148,-2.509347986029819,-1.4797147599604081,-2.0650919145856697,-1.1375538495892288,1.2059502398475677,1.8727079622862317,-0.9842497814680883,3.0,-1.1028362572211163,-1.5282001750120184,2.1033153005902476,2.39084442850054,0.24195041667536515,-0.11306655345946383,-2.444524425746502,0.5782953008020887,-0.5231216362385982,-2.0462056413512624,-1.2151911008394902,-1.467972636122139,-2.4681469494980197,1.5510694265764926,1.3637128131055312,-0.3244428422613342
2004-09-14,-0.8353952419818168,2.3138981197521358,-2.432486685513629,-1.4657550237188353,-2.2220534692812386,-1.8822385492763125,-0.5061141013044679,-0.8729291363204618,1.581978124677278,2.315986007834857,-2.7153802252369816,1.3170214697359148,-2.509347986029819,-1.4797147599604081,-2.0650919145856697,-1.1375538495892288,1.2059502398475677,1.8727079622862317,-0.9842497814680883,3.0,-1.1028362572211163,-1.5282001750120184,2.1033153005902476,2.39084442850054,0.24195041667536515,-0.11306655345946383,-2.444524425746502,0.5782953008020887,-0.5231216362385982,-2.0462056413512624,-1.2151911008394902,-1.467972636122139,-2.4681469494980197,1.5510694265764926,1.3637128131055312,-0.3244428422613342
2004-11-03,-1.5653359143223045,-0.637173438879826,-1.4050390435576847,1.1753214209014553,-1.6358794386262545,-0.9136299290136448,1.5862823420574763,-1.229634091913914,2.4290676666499893,1.3300582563608963,-1.8613609812404475,-2.476452392062179,-0.7405166129382045,2.364354513673628,0.8063887303754487,1.484077718967833,2.425419182913093,-1.0988680228589807,2.4357007042870977,1.5908582409333243,2.118619885129815,2.8337425874627717,1.5910348047324288,1.4560604324476718,-2.5866145840051686,-1.1821481882927602,-0.48427676907791606,0.6176044870841181,0.6265969253509522,-0.08400233000625193,-0.023873554642956936,-0.7213558949437943,-0.5762918932820551,-0.9264421727753651,1.4463131341985342,2.5761140573273127
2004-12-07,-1.6560849589549493,-1.9351034030998606,-1.3146043863068146,-0.35777075871551617,-1.5627158965678327,-0.5044392779132573,1.6803492282314945,-1.1060293716126435,1.7178018003061981,2.2673728807540727,-1.6188605364366528,-2.272176699821951,-0.5547623148177276,1.5913629476314899,0.9181105906978374,0.05199581509300589,1.6432229306666826,-1.0493852777134385,1.9018237910295643,1.354531744290018,2.121602471189034,2.405303195573709,1.12355396715111,1.1702872173866514,-0.927733529880517,-0.17632422056711178,-0.3703851561300231,0.6176044870841181,0.7818079918295398,-1.390795071866904,-2.03189052457967,-0.5090441274692052,-0.217013476257792,-0.04679776124720458,-0.040791095759921056,1.661684094480581
2005-01-25,-1.8752604489330749,-2.4053389339774105,-1.2950429001075292,-0.33936052351935,-1.5877074137852525,-1.0229990173452888,1.5781082320719373,-1.6879710397834762,1.1482566091417652,0.44127687123579257,-1.363977025430911,-1.03766544865202,-0.549021289132684,1.44242880071439,0.6801961817390676,0.17397368173713076,1.6655262201833854,-0.34923267185015905,1.27124683457489,1.2753896875534958,1.4992799004996442,1.38467257652168,0.886122506929136,1.1370992572669736,1.685835940637374,-0.4632666136351809,-0.5125514658215363,1.8578676264233565,2.0472903511003575,-0.4704237165740023,-0.45572960896930664,2.1087874947142566,-0.4966958766045577,0.8511561732071147,-0.12419378526091716,1.0827805840072733
2005-03-15,-1.5302611903756598,-2.2690856284626166,-0.8420428753580003,1.388252433188451,-1.3280471877583393,0.5920198232176082,1.6714049532009945,-2.6353975509072933,1.732380296210994,1.6220810907880567,-1.0658514644150803,-1.6823165705394085,2.2472585726137106,0.9659971549332853,-0.9772728527531287,-0.46759469607661003,1.0881566854397335,-0.4321432743345134,1.2681432083255484,0.3434147402133332,1.4642238143944477,1.25816198081253,-0.05068432423714388,0.10689591619379075,-0.7886540946086074,2.221053568712832,1.3863752243440322,1.2935069896899614,1.6272721471186464,1.1262237506731565,0.5136180336877132,-0.6302683888793933,1.1863228908752232,-1.8119930240120827,-1.860672175646858,0.7261354744622919
2005-04-26,-1.5625377030345542,-0.8660469726237451,-1.6452211735943296,-1.3228222486508565,-1.4061620946584439,0.31072139323846304,1.4963499585303373,-1.606665326477018,1.6241243004213757,0.8691423928025593,-1.7519232987376059,1.3940373944362368,0.2836176574121564,0.8388053350580236,-1.0089276718476172,0.7369930621665866,0.07700684649675238,0.9603977277757306,-0.05385031417952572,0.7864891376385276,0.4553851238748435,-0.2312304987434197,1.564415254115046,1.3480802079338825,-0.46161254460750356,1.8552601939545954,1.974444403597144,-0.5375690913074159,0.02913343606480436,1.4898353015606827,0.9222059007942388,0.4567006192127224,1.8773819249283712,-0.740910787827094,0.08806726108395549,0.46625240412005947
2005-06-22,-1.5625377030345542,-0.8660469726237451,-1.6452211735943296,-1.3228222486508565,-1.4061620946584439,0.31072139323846304,1.4963499585303373,-1.606665326477018,1.6241243004213757,0.8691423928025593,-1.7519232987376059,1.3940373944362368,0.2836176574121564,0.8388053350580236,-1.0089276718476172,0.7369930621665866,0.07700684649675238,0.9603977277757306,-0.05385031417952572,0.7864891376385276,0.4553851238748435,-0.2312304987434197,1.564415254115046,1.3480802079338825,-0.46161254460750356,1.8552601939545954,1.974444403597144,-0.5375690913074159,0.02913343606480436,1.4898353015606827,0.9222059007942388,0.4567006192127224,1.8773819249283712,-0.740910787827094,0.08806726108395549,0.46625240412005947
2005-08-02,-1.5625377030345542,-0.8660469726237451,-1.6452211735943296,-1.3228222486508565,-1.4061620946584439,0.31072139323846304,1.4963499585303373,-1.606665326477018,1.6241243004213757,0.8691423928025593,-1.7519232987376059,1.3940373944362368,0.2836176574121564,0.8388053350580236,-1.0089276718476172,0.7369930621665866,0.07700684649675238,0.9603977277757306,-0.05385031417952572,0.7864891376385276,0.4553851238748435,-0.2312304987434197,1.564415254115046,1.3480802079338825,-0.46161254460750356,1.8552601939545954,1.974444403597144,-0.5375690913074159,0.02913343606480436,1.4898353015606827,0.9222059007942388,0.4567006192127224,1.8773819249283712,-0.740910787827094,0.08806726108395549,0.46625240412005947
2005-09-13,-1.5625377030345542,-0.8660469726237451,-1.6452211735943296,-1.3228222486508565,-1.4061620946584439,0.31072139323846304,1.4963499585303373,-1.606665326477018,1.6241243004213757,0.8691423928025593,-1.7519232987376059,1.3940373944362368,0.2836176574121564,0.8388053350580236,-1.0089276718476172,0.7369930621665866,0.07700684649675238,0.9603977277757306,-0.05385031417952572,0.7864891376385276,0.4553851238748435,-0.2312304987434197,1.564415254115046,1.3480802079338825,-0.46161254460750356,1.8552601939545954,1.974444403597144,-0.5375690913074159,0.02913343606480436,1.4898353015606827,0.9222059007942388,0.4567006192127224,1.8773819249283712,-0.740910787827094,0.08806726108395549,0.46625240412005947
2005-10-25,-1.5625377030345542,-0.8660469726237451,-1.6452211735943296,-1.3228222486508565,-1.4061620946584439,0.31072139323846304,1.4963499585303373,-1.606665326477018,1.6241243004213757,0.8691423928025593,-1.7519232987376059,1.3940373944362368,0.2836176574121564,0.8388053350580236,-1.0089276718476172,0.7369930621665866,0.07700684649675238,0.9603977277757306,-0.05385031417952572,0.7864891376385276,0.4553851238748435,-0.2312304987434197,1.564415254115046,1.3480802079338825,-0.46161254460750356,1.8552601939545954,1.974444403597144,-0.5375690913074159,0.02913343606480436,1.4898353015606827,0.9222059007942388,0.4567006192127224,1.8773819249283712,-0.740910787827094,0.08806726108395549,0.46625240412005947
2005-12-06,-1.5625377030345542,-0.8660469726237451,-1.6452211735943296,-1.3228222486508565,-1.4061620946584439,0.31072139323846304,1.4963499585303373,-1.606665326477018,1.6241243004213757,0.8691423928025593,-1.7519232987376059,1.3940373944362368,0.2836176574121564,0.8388053350580236,-1.0089276718476172,0.7369930621665866,0.07700684649675238,0.9603977277757306,-0.05385031417952572,0.7864891376385276,0.4553851238748435,-0.2312304987434197,1.564415254115046,1.3480802079338825,-0.46161254460750356,1.8552601939545954,1.974444403597144,-0.5375690913074159,0.02913343606480436,1.4898353015606827,0.9222059007942388,0.4567006192127224,1.8773819249283712,-0.740910787827094,0.08806726108395549,0.46625240412005947
2006-01-24,-1.5625377030345542,-0.8660469726237451,-1.6452211735943296,-1.3228222486508565,-1.4061620946584439,0.31072139323846304,1.4963499585303373,-1.606665326477018,1.6241243004213757,0.8691423928025593,-1.7519232987376059,1.3940373944362368,0.2836176574121564,0.8388053350580236,-1.0089276718476172,0.7369930621665866,0.07700684649675238,0.9603977277757306,-0.05385031417952572,0.7864891376385276,0.4553851238748435,-0.2312304987434197,1.564415254115046,1.3480802079338825,-0.46161254460750356,1.8552601939545954,1.974444403597144,-0.5375690913074159,0.02913343606480436,1.4898353015606827,0.9222059007942388,0.4567006192127224,1.8773819249283712,-0.740910787827094,0.08806726108395549,0.46625240412005947
2006-03-20,-1.5625377030345542,-0.8660469726237451,-1.6452211735943296,-1.3228222486508565,-1.4061620946584439,0.31072139323846304,1.4963499585303373,-1.606665326477018,1.6241243004213757,0.8691423928025593,-1.7519232987376059,1.3940373944362368,0.2836176574121564,0.8388053350580236,-1.0089276718476172,0.7369930621665866,0.07700684649675238,0.9603977277757306,-0.05385031417952572,0.7864891376385276,0.4553851238748435,-0.2312304987434197,1.564415254115046,1.3480802079338825,-0.46161254460750356,1.8552601939545954,1.974444403597144,-0.5375690913074159,0.02913343606480436,1.4898353015606827,0.9222059007942388,0.4567006192127224,1.8773819249283712,-0.740910787827094,0.08806726108395549,0.46625240412005947
2006-05-03,-1.5625377030345542,-0.8660469726237451,-1.6452211735943296,-1.3228222486508565,-1.4061620946584439,0.31072139323846304,1.4963499585303373,-1.606665326477018,1.6241243004213757,0.8691423928025593,-1.7519232987376059,1.3940373944362368,0.2836176574121564,0.8388053350580236,-1.0089276718476172,0.7369930621665866,0.07700684649675238,0.9603977277757306,-0.05385031417952572,0.7864891376385276,0.4553851238748435,-0.2312304987434197,1.564415254115046,1.3480802079338825,-0.46161254460750356,1.8552601939545954,1.974444403597144,-0.5375690913074159,0.02913343606480436,1.4898353015606827,0.9222059007942388,0.4567006192127224,1.8773819249283712,-0.740910787827094,0.08806726108395549,0.46625240412005947
2006-06-21,-1.5625377030345542,-0.8660469726237451,-1.6452211735943296,-1.3228222486508565,-1.4061620946584439,0.31072139323846304,1.4963499585303373,-1.606665326477018,1.6241243004213757,0.8691423928025593,-1.7519232987376059,1.3940373944362368,0.2836176574121564,0.8388053350580236,-1.0089276718476172,0.7369930621665866,0.07700684649675238,0.9603977277757306,-0.05385031417952572,0.7864891376385276,0.4553851238748435,-0.2312304987434197,1.564415254115046,1.3480802079338825,-0.46161254460750356,1.8552601939545954,1.974444403597144,-0.5375690913074159,0.02913343606480436,1.4898353015606827,0.9222059007942388,0.4567006192127224,1.8773819249283712,-0.740910787827094,0.08806726108395549,0.46625240412005947
2006-08-01,-1.5625377030345542,-0.8660469726237451,-1.6452211735943296,-1.3228222486508565,-1.4061620946584439,0.31072139323846304,1.4963499585303373,-1.606665326477018,1.6241243004213757,0.8691423928025593,-1.7519232987376059,1.3940373944362368,0.2836176574121564,0.8388053350580236,-1.0089276718476172,0.7369930621665866,0.07700684649675238,0.9603977277757306,-0.05385031417952572,0.7864891376385276,0.4553851238748435,-0.2312304987434197,1.564415254115046,1.3480802079338825,-0.46161254460750356,1.8552601939545954,1.974444403597144,-0.5375690913074159,0.02913343606480436,1.4898353015606827,0.9222059007942388,0.4567006192127224,1.8773819249283712,-0.740910787827094,0.08806726108395549,0.46625240412005947
2006-09-13,-1.5625377030345542,-0.8660469726237451,-1.6452211735943296,-1.3228222486508565,-1.4061620946584439,0.31072139323846304,1.4963499585303373,-1.606665326477018,1.6241243004213757,0.8691423928025593,-1.7519232987376059,1.3940373944362368,0.2836176574121564,0.8388053350580236,-1.0089276718476172,0.7369930621665866,0.07700684649675238,0.9603977277757306,-0.05385031417952572,0.7864891376385276,0.4553851238748435,-0.2312304987434197,1.564415254115046,1.3480802079338825,-0.46161254460750356,1.8552601939545954,1.974444403597144,-0.5375690913074159,0.02913343606480436,1.4898353015606827,0.9222059007942388,0.4567006192127224,1.8773819249283712,-0.740910787827094,0.08806726108395549,0.46625240412005947
2006-10-17,-1.5625377030345542,-0.8660469726237451,-1.6452211735943296,-1.3228222486508565,-1.4061620946584439,0.31072139323846304,1.4963499585303373,-1.606665326477018,1.6241243004213757,0.8691423928025593,-1.7519232987376059,1.3940373944362368,0.2836176574121564,0.8388053350580236,-1.0089276718476172,0.7369930621665866,0.07700684649675238,0.9603977277757306,-0.05385031417952572,0.7864891376385276,0.4553851238748435,-0.2312304987434197,1.564415254115046,1.3480802079338825,-0.46161254460750356,1.8552601939545954,1.974444403597144,-0.5375690913074159,0.02913343606480436,1.4898353015606827,0.9222059007942388,0.4567006192127224,1.8773819249283712,-0.740910787827094,0.08806726108395549,0.46625240412005947
2006-12-05,-1.5625377030345542,-0.8660469726237451,-1.6452211735943296,-1.3228222486508565,-1.4061620946584439,0.31072139323846304,1.4963499585303373,-1.606665326477018,1.6241243004213757,0.8691423928025593,-1.7519232987376059,1.3940373944362368,0.2836176574121564,0.8388053350580236,-1.0089276718476172,0.7369930621665866,0.07700684649675238,0.9603977277757306,-0.05385031417952572,0.7864891376385276,0.4553851238748435,-0.2312304987434197,1.564415254115046,1.3480802079338825,-0.46161254460750356,1.8552601939545954,1.974444403597144,-0.5375690913074159,0.02913343606480436,1.4898353015606827,0.9222059007942388,0.4567006192127224,1.8773819249283712,-0.740910787827094,0.08806726108395549,0.46625240412005947
2007-01-23,-1.5625377030345542,-0.8660469726237451,-1.6452211735943296,-1.3228222486508565,-1.4061620946584439,0.31072139323846304,1.4963499585303373,-1.606665326477018,1.6241243004213757,0.8691423928025593,-1.7519232987376059,1.3940373944362368,0.2836176574121564,0.8388053350580236,-1.0089276718476172,0.7369930621665866,0.07700684649675238,0.9603977277757306,-0.05385031417952572,0.7864891376385276,0.4553851238748435,-0.2312304987434197,1.564415254115046,1.3480802079338825,-0.46161254460750356,1.8552601939545954,1.974444403597144,-0.5375690913074159,0.02913343606480436,1.4898353015606827,0.9222059007942388,0.4567006192127224,1.8773819249283712,-0.740910787827094,0.08806726108395549,0.46625240412005947
2007-03-13,-1.5625377030345542,-0.8660469726237451,-1.6452211735943296,-1.3228222486508565,-1.4061620946584439,0.31072139323846304,1.4963499585303373,-1.606665326477018,1.6241243004213757,0.8691423928025593,-1.7519232987376059,1.3940373944362368,0.2836176574121564,0.8388053350580236,-1.0089276718476172,0.7369930621665866,0.07700684649675238,0.9603977277757306,-0.05385031417952572,0.7864891376385276,0.4553851238748435,-0.2312304987434197,1.564415254115046,1.3480802079338825,-0.46161254460750356,1.8552601939545954,1.974444403597144,-0.5375690913074159,0.02913343606480436,1.4898353015606827,0.9222059007942388,0.4567006192127224,1.8773819249283712,-0.740910787827094,0.08806726108395549,0.46625240412005947
2007-05-02,-1.5625377030345542,-0.8660469726237451,-1.6452211735943296,-1.3228222486508565,-1.4061620946584439,0.31072139323846304,1.4963499585303373,-1.606665326477018,1.6241243004213757,0.8691423928025593,-1.7519232987376059,1.3940373944362368,0.2836176574121564,0.8388053350580236,-1.0089276718476172,0.7369930621665866,0.07700684649675238,0.9603977277757306,-0.05385031417952572,0.7864891376385276,0.4553851238748435,-0.2312304987434197,1.564415254115046,1.3480802079338825,-0.46161254460750356,1.8552601939545954,1.974444403597144,-0.5375690913074159,0.02913343606480436,1.4898353015606827,0.9222059007942388,0.4567006192127224,1.8773819249283712,-0.740910787827094,0.08806726108395549,0.46625240412005947
2007-06-20,-1.5625377030345542,-0.8660469726237451,-1.6452211735943296,-1.3228222486508565,-1.4061620946584439,0.31072139323846304,1.4963499585303373,-1.606665326477018,1.6241243004213757,0.8691423928025593,-1.7519232987376059,1.3940373944362368,0.2836176574121564,0.8388053350580236,-1.0089276718476172,0.7369930621665866,0.07700684649675238,0.9603977277757306,-0.05385031417952572,0.7864891376385276,0.4553851238748435,-0.2312304987434197,1.564415254115046,1.3480802079338825,-0.46161254460750356,1.8552601939545954,1.974444403597144,-0.5375690913074159,0.02913343606480436,1.4898353015606827,0.9222059007942388,0.4567006192127224,1.8773819249283712,-0.740910787827094,0.08806726108395549,0.46625240412005947
2007-07-31,-1.5625377030345542,-0.8660469726237451,-1.6452211735943296,-1.3228222486508565,-1.4061620946584439,0.31072139323846304,1.4963499585303373,-1.606665326477018,1.6241243004213757,0.8691423928025593,-1.7519232987376059,1.3940373944362368,0.2836176574121564,0.8388053350580236,-1.0089276718476172,0.7369930621665866,0.07700684649675238,0.9603977277757306,-0.05385031417952572,0.7864891376385276,0.4553851238748435,-0.2312304987434197,1.564415254115046,1.3480802079338825,-0.46161254460750356,1.8552601939545954,1.974444403597144,-0.5375690913074159,0.02913343606480436,1.4898353015606827,0.9222059007942388,0.4567006192127224,1.8773819249283712,-0.740910787827094,0.08806726108395549,0.46625240412005947
2007-09-11,-1.5625377030345542,-0.8660469726237451,-1.6452211735943296,-1.3228222486508565,-1.4061620946584439,0.31072139323846304,1.4963499585303373,-1.606665326477018,1.6241243004213757,0.8691423928025593,-1.7519232987376059,1.3940373944362368,0.2836176574121564,0.8388053350580236,-1.0089276718476172,0.7369930621665866,0.07700684649675238,0.9603977277757306,-0.05385031417952572,0.7864891376385276,0.4553851238748435,-0.2312304987434197,1.564415254115046,1.3480802079338825,-0.46161254460750356,1.8552601939545954,1.974444403597144,-0.5375690913074159,0.02913343606480436,1.4898353015606827,0.9222059007942388,0.4567006192127224,1.8773819249283712,-0.740910787827094,0.08806726108395549,0.46625240412005947
2007-10-23,-1.5625377030345542,-0.8660469726237451,-1.6452211735943296,-1.3228222486508565,-1.4061620946584439,0.31072139323846304,1.4963499585303373,-1.606665326477018,1.6241243004213757,0.8691423928025593,-1.7519232987376059,1.3940373944362368,0.2836176574121564,0.8388053350580236,-1.0089276718476172,0.7369930621665866,0.07700684649675238,0.9603977277757306,-0.05385031417952572,0.7864891376385276,0.4553851238748435,-0.2312304987434197,1.564415254115046,1.3480802079338825,-0.46161254460750356,1.8552601939545954,1.974444403597144,-0.5375690913074159,0.02913343606480436,1.4898353015606827,0.9222059007942388,0.4567006192127224,1.8773819249283712,-0.740910787827094,0.08806726108395549,0.46625240412005947
2007-12-04,-1.5625377030345542,-0.8660469726237451,-1.6452211735943296,-1.3228222486508565,-1.4061620946584439,0.31072139323846304,1.4963499585303373,-1.606665326477018,1.6241243004213757,0.8691423928025593,-1.7519232987376059,1.3940373944362368,0.2836176574121564,0.8388053350580236,-1.0089276718476172,0.7369930621665866,0.07700684649675238,0.9603977277757306,-0.05385031417952572,0.7864891376385276,0.4553851238748435,-0.2312304987434197,1.564415254115046,1.3480802079338825,-0.46161254460750356,1.8552601939545954,1.974444403597144,-0.5375690913074159,0.02913343606480436,1.4898353015606827,0.9222059007942388,0.4567006192127224,1.8773819249283712,-0.740910787827094,0.08806726108395549,0.46625240412005947
2008-01-22,2.504837731297526,2.567547930967233,0.4983986687599477,-1.0408760214806516,2.5390647810687805,-2.7507489144597645,-2.6443673122968554,1.7272194531163658,1.751210290710442,1.44751101216342,1.780447549588201,2.4397024124263846,-2.4764904183603744,-2.455599563926322,1.3796881571699355,0.08029989260968202,2.561648543867493,2.2057741912410855,-2.022002342525894,2.25788184840122,-3.0,-2.6970245724859447,2.5396684459719463,2.105446590756326,0.4185965490871735,0.80764242698281,-1.5420979990444945,-0.33006346589490326,0.7445592571059079,-1.2896254280177482,-0.7185392255007741,1.2749051842512151,-1.5198109992191569,1.3842540259988214,-1.0441738768217166,3.0
2008-03-11,1.9082149015734222,2.1704200611640396,1.749649714340245,-1.435972287357431,2.2036628963214286,-0.6563407615365681,-1.9235747804344927,1.9240993214044608,1.675522800442064,2.670177620916489,2.496290689649099,1.9785234083993235,-1.5061535470025784,-1.4295473548036552,0.9274554845781918,-0.4737250556589047,1.4767185079234189,0.8586304810452148,-1.9398019321865654,0.24494787821567704,-2.041063851928601,-1.879465261214383,1.3397067610053197,0.9827002361357281,-0.11520530005093041,3.0,-1.9963364437304316,-0.6002691797196879,0.042216085524095504,-2.722060329418215,-3.0,0.7411928781319501,-1.8615403417222074,-2.2298325254815796,-2.129991254024861,1.6124515496595841
2008-04-22,0.7349727949281771,1.1290752300712077,2.5498995037499084,0.500783696100868,2.0059115173407838,-0.857357502136863,-2.0053288459150993,0.8165856602030251,1.4109099661833175,2.165424023407564,1.9486814726289834,0.7678959861902336,-0.7404693347210907,-0.6288706297258223,0.9743898733761585,1.1894110712482922,0.7551431673709418,-0.8529590757771586,0.6546295514082892,0.3461103203568293,-0.22796641605166024,-0.2967396832248417,0.8359532345214097,0.7116125940752706,-1.8680088984172019,2.3997761044740606,-1.1806896142515357,-1.5428172842788546,0.08086656834290429,-1.494362968147856,-1.486995420694201,-0.854060619454867,-1.0858780533338872,-0.7158060334263578,-0.3771922220477784,1.1180339887498294
2008-06-17,-0.056567863751174736,0.24670256578408772,1.9367331047090046,2.0820259393848572,1.480460319302372,1.3419732163679527,-1.3520330252743278,2.2867893002254194,2.2743485204419507,1.2894509919747688,1.0482127070542795,-0.07802034379678394,1.0434266611164573,-0.27691379955274104,2.3968734147166177,-0.07445415790869947,0.4154725512534204,-0.5651632300073935,1.0290941497947284,-1.6554036339876526,0.2334364983568428,0.7929428729468712,0.445821498093604,-0.8399205979941438,2.136757572430954,1.4602579853696522,0.8156549112220982,-1.1432320923800037,0.7815406786792698,1.1090089350386265,1.5993783611229901,1.6770125868652805,0.7736664729833128,-0.7711597790406969,0.5135071797131864,0.7071067811865056
2008-07-29,0.010614438492288233,0.4364452488451598,1.109408173386419,0.9939098139809476,1.0316875547232138,2.477658933106351,-0.8524207843257532,1.8960928877770635,1.9213359799247876,0.5488217714542277,0.9282203050940492,1.0974097576499409,1.0496925148810985,-2.479667358450627,1.9873860549446247,1.7108162507431224,2.5811131667440286,-0.4180606761163348,-1.0470541335606869,-2.013202120061935,-1.0716225576830494,-0.973287353971544,0.46011221267087266,-0.7475291950051087,1.4618776672179448,1.0445127712342643,1.3492887908616815,0.07459363910469094,1.680585197870014,1.483232203484102,1.7238565811649775,1.0474734114799653,1.3184483631689625,-0.36969535556237365,1.9069548947562296,0.44721359549991957
2008-09-09,0.010614438492288233,0.4364452488451598,1.109408173386419,0.9939098139809476,1.0316875547232138,2.477658933106351,-0.8524207843257532,1.8960928877770635,1.9213359799247876,0.5488217714542277,0.9282203050940492,1.0974097576499409,1.0496925148810985,-2.479667358450627,1.9873860549446247,1.7108162507431224,2.5811131667440286,-0.4180606761163348,-1.0470541335606869,-2.013202120061935,-1.0716225576830494,-0.973287353971544,0.46011221267087266,-0.7475291950051087,1.4618776672179448,1.0445127712342643,1.3492887908616815,0.07459363910469094,1.680585197870014,1.483232203484102,1.7238565811649775,1.0474734114799653,1.3184483631689625,-0.36969535556237365,1.9069548947562296,0.44721359549991957
2008-10-21,0.010614438492288233,0.4364452488451598,1.109408173386419,0.9939098139809476,1.0316875547232138,2.477658933106351,-0.8524207843257532,1.8960928877770635,1.9213359799247876,0.5488217714542277,0.9282203050940492,1.0974097576499409,1.0496925148810985,-2.479667358450627,1.9873860549446247,1.7108162507431224,2.5811131667440286,-0.4180606761163348,-1.0470541335606869,-2.013202120061935,-1.0716225576830494,-0.973287353971544,0.46011221267087266,-0.7475291950051087,1.4618776672179448,1.0445127712342643,1.3492887908616815,0.07459363910469094,1.680585197870014,1.483232203484102,1.7238565811649775,1.0474734114799653,1.3184483631689625,-0.36969535556237365,1.9069548947562296,0.44721359549991957
2008-12-08,0.34193897270378976,2.1062114985106017,0.7925410720658727,0.9753232715846083,1.7333842968353854,-2.629803725890184,-2.2107983278848855,2.3038876127756795,-2.234158773651438,3.0,0.43358462961484545,2.423719456369285,-3.0,-1.158625407671154,-2.0596505111218635,2.125181957031808,1.5111138550376397,1.3459769975149007,-2.165227699233763,-1.307626462668336,-2.0566573953583833,-2.153063156902865,-1.5127025635931157,0.24871253777356964,-2.860302673505789,-3.0,-3.0,-1.6203810884156684,-2.8277618408240075,-2.761878987300619,-2.4674506684265527,-2.3685671302353852,-3.0,0.005690824772852833,-1.6740857035078995,-2.9423804517307985
2009-01-21,0.29232711574357706,1.0506826994938678,0.10682589420316833,1.4343989804075838,0.8408318270462052,-2.3376345770186617,-1.2664892867281534,2.048584478889856,-1.4316970594252925,1.9664156144052825,-0.14203088309701373,0.8802815181589372,-1.5781981620683738,-2.513363855728003,-1.9025329676161449,0.7835262758181563,1.7936487611030432,0.4651132717667772,-0.7957929752210835,-0.1367921752210012,-0.8521039117365596,-1.022665160454318,-0.07175926304888372,0.6760256168381099,-0.19988500762323433,-1.3874860532565196,-1.731730051102588,-0.88411202906705,-1.557418691993003,-1.4888306432383465,-1.3651781071571127,-0.3486509176863873,-1.7807873128613243,2.625963909975291,-1.5341185422782768,-1.611396455863028
2009-03-10,0.5950501470017128,0.6577506195778982,0.7257193029884851,1.1974159912595208,0.7592496471927725,-1.2092578122501525,-0.8919456847574931,2.0532666743037944,-0.8849799626076611,1.916847876383873,0.30892070436530605,0.9917059326331987,-0.5378814483920263,-1.599847102426217,-1.6594201473680064,0.5754349772439009,1.260314647888885,0.09729259487544437,-0.9235480548812888,-0.7235955182585385,-1.026730186766349,-1.089202021635878,-0.6901495207476795,-2.331859795065893,-0.4763249841036041,-1.0414411271631272,-1.1341564024782562,-0.5971508580642092,-1.426593199414833,-1.5743379639694626,-1.658325420104457,-0.6655399008474175,-0.953548020915219,-0.5518816392344479,-1.4326339345504318,-1.0655191031163724
2009-04-21,0.4056611688812441,0.18622493113860317,0.5404387865470224,0.788545366111048,0.3640226588917881,-1.3016290987375838,-0.6768711307010096,1.6166442351112642,-0.5434233034458169,1.3898084081145696,0.2928465850598713,-0.062164602905060345,-0.3416533152689797,0.37238848425300536,-1.4212695440770453,0.794221648444499,1.5836603771862037,-0.6001864862028279,0.31385732503407937,0.45533306232113596,0.06850643124773281,-0.0454071675919555,0.9728195402611077,-0.01720933767432327,-0.27689858214092267,-0.07369363412755862,-0.6167989853795055,1.2138154021066168,-1.3631270630731493,-0.04129310427367273,0.18293516482001299,-0.8207729886737646,-0.7862190171470863,-0.2109249787678661,-0.8988802510005186,-0.7588087841584475
2009-06-16,1.236480811107198,-2.986674640570258,1.4153531157698194,0.2624460159733769,-2.0383924475283517,0.5641770924791248,-0.182089916105477,1.3922015852831267,1.1419371688888194,1.1729054664776208,1.4954207806160054,-2.203849684803504,1.1834679176923197,0.6095210882177838,-2.047660094597519,0.7220190246702004,1.2501014592404063,-1.1257550695589442,2.3914704951789374,2.2751248110097944,2.599500973790214,2.561160745297621,2.2743065737078143,0.08689580578820087,-1.4455917020268596,0.8813599858277814,1.2547058870010321,1.503507297969421,-2.1296487481596302,1.0007625655467145,0.9028240940781261,-1.5066982606652364,1.2790919540004317,-0.7392137096986434,-0.10622555263921049,-0.41273209956402923
2009-08-04,1.1748054484540802,-2.25287929324539,1.4975594096174507,0.32463838863930605,-2.5684747281929,0.451547715529088,-0.17898274450319984,1.1495030511324953,2.1202130454786583,0.37042816667875644,1.4897946259114159,-1.8022357150004675,1.4483829079534374,-0.24723001291728727,-2.4046294547264386,1.8892783659933714,1.4259367886373369,-1.4706637829217564,1.9732130188150199,2.278923597293774,2.2280549191821057,2.1737504317232075,1.8508976705391755,0.5827157459591392,0.3279079508703571,0.7193437973786744,1.8313028131917597,0.8214904358864307,-2.136165060784075,1.9738205933858919,1.910582862269264,-1.1414107721500426,1.6977649357438118,1.4069552405476329,1.142023058116624,-0.15617376188709184
2009-09-15,1.1748054484540802,-2.25287929324539,1.4975594096174507,0.32463838863930605,-2.5684747281929,0.451547715529088,-0.17898274450319984,1.1495030511324953,2.1202130454786583,0.37042816667875644,1.4897946259114159,-1.8022357150004675,1.4483829079534374,-0.24723001291728727,-2.4046294547264386,1.8892783659933714,1.4259367886373369,-1.4706637829217564,1.9732130188150199,2.278923597293774,2.2280549191821057,2.1737504317232075,1.8508976705391755,0.5827157459591392,0.3279079508703571,0.7193437973786744,1.8313028131917597,0.8214904358864307,-2.136165060784075,1.9738205933858919,1.910582862269264,-1.1414107721500426,1.6977649357438118,1.4069552405476329,1.142023058116624,-0.15617376188709184
2009-10-27,1.1748054484540802,-2.25287929324539,1.4975594096174507,0.32463838863930605,-2.5684747281929,0.451547715529088,-0.17898274450319984,1.1495030511324953,2.1202130454786583,0.37042816667875644,1.4897946259114159,-1.8022357150004675,1.4483829079534374,-0.24723001291728727,-2.4046294547264386,1.8892783659933714,1.4259367886373369,-1.4706637829217564,1.9732130188150199,2.278923597293774,2.2280549191821057,2.1737504317232075,1.8508976705391755,0.5827157459591392,0.3279079508703571,0.7193437973786744,1.8313028131917597,0.8214904358864307,-2.136165060784075,1.9738205933858919,1.910582862269264,-1.1414107721500426,1.6977649357438118,1.4069552405476329,1.142023058116624,-0.15617376188709184
2009-12-08,1.1748054484540802,-2.25287929324539,1.4975594096174507,0.32463838863930605,-2.5684747281929,0.451547715529088,-0.17898274450319984,1.1495030511324953,2.1202130454786583,0.37042816667875644,1.4897946259114159,-1.8022357150004675,1.4483829079534374,-0.24723001291728727,-2.4046294547264386,1.8892783659933714,1.4259367886373369,-1.4706637829217564,1.9732130188150199,2.278923597293774,2.2280549191821057,2.1737504317232075,1.8508976705391755,0.5827157459591392,0.3279079508703571,0.7193437973786744,1.8313028131917597,0.8214904358864307,-2.136165060784075,1.9738205933858919,1.910582862269264,-1.1414107721500426,1.6977649357438118,1.4069552405476329,1.142023058116624,-0.15617376188709184
