,T10Y2Y,BAA10Y,T10YFF,TB3SMFFM,BAAFF,MORTGAGE30US,DFF,UNRATE,CPIAUCSL,WM2NS,T10Y3M,BAMLH0A0HYM2,DGS10,MSPUS,CORESTICKM159SFRBATL,WM1NS,GFDEGDQ188S,VIXCLS,BAMLHYH0A0HYM2TRIV,BAMLCC0A0CMTRIV,BAMLHE00EHYITRIV,BAMLHYH0A3CMTRIV,BAMLCC1A013YTRIV,BAMLCC0A1AAATRIV,MEDCPIM158SFRBCLE,MICH,EXPINF10YR,DPCCRV1Q225SBEA,PCETRIM12M159SFRBDAL,EXPINF2YR,EXPINF1YR,STICKCPIM157SFRBATL,EXPINF30YR,CLVMNACSCAB1GQHU,IRLTLT01HUM156N,IR3TIB01HUM156N,MABMM301HUM189S,CPMEURSCAB1GQHU,CPGRLE01HUM657N,IRSTCB01HUM156N
1999-11-09,-0.8588896306875416,-0.9209298828541266,-0.029414374620073704,0.13581758366905727,-0.35283460393979943,0.9170939243350226,1.140028486086912,-1.7535089730002926,1.690746435873319,2.1322331331122815,-1.0547015844523209,1.031384484270324,0.7944766154454659,2.285682722384684,0.3675916507423692,0.2903907919005956,-0.9196235710843723,-0.43853818107613496,-0.615683869684132,0.7533974077076248,0.957670044863079,-1.4186346607586886,2.278820478722357,0.5397015790750972,0.29846151360552386,1.510667528155547,1.4242131477240805,1.8167403909033513,2.188929416083054,1.9441993305312784,1.716632232482848,1.994570110668666,1.3443714519499337,1.4913827207348247,-1.104211005782885,-1.2800698992120554,2.054732707760651,1.626039665028473,-1.648291800241227,-2.4928603960522913
1999-12-14,-1.6556310692388279,-2.504747493078103,0.5341917650850518,2.0830727925630055,-0.5116264367807506,0.7291735162819447,0.9167764166726736,-2.246184916866565,1.69690029003377,2.3617871662995236,-1.0391755785792585,-0.5822389836639792,1.3800035697573654,1.5483619748763373,1.0451686219786747,1.8037365876137486,-0.7887715858633868,-0.08986709319520178,0.7079751246800986,0.5414641885586854,2.0392474658206217,-0.807607055467847,1.8895597345089254,0.3099164993932712,1.0654454084254001,1.7857962796109434,1.5803123550664209,1.5191321723528952,2.377682327710339,2.0817727207811716,2.0328816020216007,0.07213706694262566,1.4833853028447925,1.1832053507783138,-2.0982902406172794,-2.0178272273950717,2.123624007748257,1.3738864854458799,-0.5968430479801328,-2.7026556987688934
2000-01-25,0.5805442641132316,-2.6644305498172502,1.1922988571551132,1.2622490569884957,-0.47191369111270565,2.0674982147341443,1.0177351266956942,-1.4475514552862088,1.5561538947578468,1.255783770356935,0.5206673549767841,-0.34734698579638157,2.458593796414312,1.0817540082203598,2.67390392817093,0.22724797018114598,-1.8690244194698387,0.032061437634343395,0.2962034282109637,-0.0535891792993547,1.8615087914994968,-0.8268913850043358,1.5901130094185731,-0.40040797353182433,2.3301970319496563,1.2340515772019167,1.6217210474136485,1.6919539054461024,2.5056488712262985,1.434812545393513,1.0628422715300883,2.1368178896259336,1.610509786384835,1.482532643473969,-1.7337024264669272,-2.1042484253915306,1.7031400096567595,1.4743321767619357,1.547270211634061,-2.703314193302774
2000-03-14,-2.5373896961185425,0.4507106674197367,-1.1577160795927361,0.9259784340464685,-0.784828652651877,1.2592018571994634,1.5180317644332548,-1.1935470284463774,2.2317207638946517,1.9890344701029798,-2.750611786830249,2.4630526524023373,0.4881193117255293,0.7261354744623401,2.260197354111147,-0.4582105036413739,-1.5619982780593256,0.6710867001748184,0.4597563603736209,1.3337653171987929,2.157735886445247,0.4836323971560519,2.0958191770356103,1.4339526205988733,1.3637754277059109,2.43270071872508,1.455981874193069,1.139949943895245,2.493406179128221,1.6798878901034509,1.5832896822817997,0.7618300377995321,1.3862207483568918,1.267157782096593,-1.9564777319082252,-2.4777111159459633,2.1870351478133196,1.109865697029198,0.36135554784128937,-1.8031308489759292
2000-05-09,-1.3719569478401934,1.105567185348203,-0.1580167995552873,-1.415346178414448,0.6615955456769695,1.1543951978318778,1.053769146008123,-0.33437085353725904,1.5627613849326376,0.9702779210505675,-1.149254062344329,1.7596479777651362,1.1684017285449144,-0.49632588401775574,1.810415002303396,-0.8081653611318445,-2.2660768820176607,2.0072427117891554,-1.7855563629697107,-1.4303792297381486,0.6154299125210344,-0.02419646716554231,1.1297011088051854,-0.3699705144766599,0.2861418348851683,0.155118012139427,0.6436408784705308,-1.70304946562242,1.3685864056599317,1.346858415635588,1.4796636692580227,0.6353550172787459,0.44251614375328013,1.6132148503769526,-0.5611034017983806,-1.4048466095044367,1.885047697228722,1.4834874093338288,-1.2183848616228918,-1.4709680515870678
2000-06-20,-1.1649528516170333,0.88358950747033,-1.8834151638116374,-2.7087927103683676,-2.0127404991179336,0.30652706921943135,1.6462378392066175,-0.08515215080212821,1.7700116608748893,1.0033041029073682,-1.2018350007073937,1.715366949752652,-1.0406680238340005,-1.4662878298601971,1.8762759470866064,-0.5668001236057217,-1.4326812941077163,-1.0119509702781118,-0.34796035484759924,1.6400044227136141,-0.3844281143466037,-2.1401943462275774,2.218471169945994,1.9445361081209716,0.5807533330413974,-0.9433045006743601,1.0474924495723144,-1.4073321819094777,1.2413410494959556,2.311344928191028,2.856184630800146,0.1295878230840852,0.7403387604570765,1.2745098464024793,-0.512843879923494,-0.9299056139045906,1.5041762916305934,1.3118523185896618,-0.46772114805155773,-1.065101603330207
2000-08-15,-1.1515479341804131,0.9506989950684793,-1.6306136373931643,-0.19935749147823925,-1.765162577801446,-1.0054821535567235,1.273610175268848,1.3319606618246937,1.3936457596888205,1.4155519928817104,-2.0604643212120632,1.3667542623770768,-1.7876907455304059,1.8731951344726756,1.9874554459918956,-1.268047071716761,-1.1632915163269575,-1.7175256492366662,0.5431437509425282,2.337457680840383,-1.954031880887119,-1.4930952241432613,2.1260952583410524,2.2855844651833284,-0.37452046908361675,-2.3679891749314397,-1.9371575428042664,0.3552655235637277,1.1546315388625232,-1.0823601083999776,-0.5659572159944817,0.8651605002417259,-1.987527294416729,1.545412526305069,-1.2270962388813356,-0.8313828574390029,1.8995933337010547,1.9236275023469527,-0.5229690879405706,-0.7423071437990539
2000-09-26,0.17168305164286757,0.907598284994796,-1.0724013614591794,-0.45456145772682033,-0.96716719516749,-1.750877999888243,0.8137443312026256,-1.004828160246976,1.6437701483303941,0.8145329502596553,-1.2403781146396398,1.3943887743409158,-1.2049015045470008,1.2866602453556975,1.5219922937609927,-1.6225651174524305,-0.8538087960707732,-0.1349870411687357,1.0251414244718653,1.8418245379981946,-2.1236773417089565,-1.1893562918385947,2.0652422558979486,1.7863545989305143,0.09212401777577606,-0.5087552702261059,-1.7464668298918669,0.4125945327117447,1.601064594544081,-1.0361543012669976,-0.34134529253779894,-1.0579020509949502,-1.7833156429721255,1.1778367094324496,-0.6926436739274975,-0.431238563631736,1.7685643703915952,1.3179948124203011,0.13182759819846804,-0.6003225739986399
2000-11-08,1.7792397890904594,0.4540784705033825,-0.689249690342155,0.6839001197645038,-0.6536816452883384,-1.7548631874646936,0.5821794520826958,-0.7244335369163133,1.6760615284023728,1.9206334433296812,-1.2569973335498423,2.4855030341331146,-0.6127166033235517,1.7130957439812706,0.9318959475829407,-0.9190697577111728,-1.1837502899322114,0.9007577352555171,-2.247714300542391,1.2187710734790356,-2.1856986693241818,-2.3969243139170975,1.4921201419818728,1.4416579498906166,-0.8746543714609403,-0.6517123786519429,-1.3620382808334173,0.8688298475334376,1.90438512004393,-1.1546538523174235,-0.6916695996239262,-0.37985467016687147,-1.356545102769124,1.9958303086433764,2.0314925146919367,3.0,1.7740031101196039,1.3726780046144809,0.15624982348092198,-0.37452836102672105
2000-12-12,1.7792397890904594,0.4540784705033825,-0.689249690342155,0.6839001197645038,-0.6536816452883384,-1.7548631874646936,0.5821794520826958,-0.7244335369163133,1.6760615284023728,1.9206334433296812,-1.2569973335498423,2.4855030341331146,-0.6127166033235517,1.7130957439812706,0.9318959475829407,-0.9190697577111728,-1.1837502899322114,0.9007577352555171,-2.247714300542391,1.2187710734790356,-2.1856986693241818,-2.3969243139170975,1.4921201419818728,1.4416579498906166,-0.8746543714609403,-0.6517123786519429,-1.3620382808334173,0.8688298475334376,1.90438512004393,-1.1546538523174235,-0.6916695996239262,-0.37985467016687147,-1.356545102769124,1.9958303086433764,2.0314925146919367,3.0,1.7740031101196039,1.3726780046144809,0.15624982348092198,-0.37452836102672105
2001-01-23,1.7792397890904594,0.4540784705033825,-0.689249690342155,0.6839001197645038,-0.6536816452883384,-1.7548631874646936,0.5821794520826958,-0.7244335369163133,1.6760615284023728,1.9206334433296812,-1.2569973335498423,2.4855030341331146,-0.6127166033235517,1.7130957439812706,0.9318959475829407,-0.9190697577111728,-1.1837502899322114,0.9007577352555171,-2.247714300542391,1.2187710734790356,-2.1856986693241818,-2.3969243139170975,1.4921201419818728,1.4416579498906166,-0.8746543714609403,-0.6517123786519429,-1.3620382808334173,0.8688298475334376,1.90438512004393,-1.1546538523174235,-0.6916695996239262,-0.37985467016687147,-1.356545102769124,1.9958303086433764,2.0314925146919367,3.0,1.7740031101196039,1.3726780046144809,0.15624982348092198,-0.37452836102672105
2001-03-13,1.7792397890904594,0.4540784705033825,-0.689249690342155,0.6839001197645038,-0.6536816452883384,-1.7548631874646936,0.5821794520826958,-0.7244335369163133,1.6760615284023728,1.9206334433296812,-1.2569973335498423,2.4855030341331146,-0.6127166033235517,1.7130957439812706,0.9318959475829407,-0.9190697577111728,-1.1837502899322114,0.9007577352555171,-2.247714300542391,1.2187710734790356,-2.1856986693241818,-2.3969243139170975,1.4921201419818728,1.4416579498906166,-0.8746543714609403,-0.6517123786519429,-1.3620382808334173,0.8688298475334376,1.90438512004393,-1.1546538523174235,-0.6916695996239262,-0.37985467016687147,-1.356545102769124,1.9958303086433764,2.0314925146919367,3.0,1.7740031101196039,1.3726780046144809,0.15624982348092198,-0.37452836102672105
2001-05-08,1.7792397890904594,0.4540784705033825,-0.689249690342155,0.6839001197645038,-0.6536816452883384,-1.7548631874646936,0.5821794520826958,-0.7244335369163133,1.6760615284023728,1.9206334433296812,-1.2569973335498423,2.4855030341331146,-0.6127166033235517,1.7130957439812706,0.9318959475829407,-0.9190697577111728,-1.1837502899322114,0.9007577352555171,-2.247714300542391,1.2187710734790356,-2.1856986693241818,-2.3969243139170975,1.4921201419818728,1.4416579498906166,-0.8746543714609403,-0.6517123786519429,-1.3620382808334173,0.8688298475334376,1.90438512004393,-1.1546538523174235,-0.6916695996239262,-0.37985467016687147,-1.356545102769124,1.9958303086433764,2.0314925146919367,3.0,1.7740031101196039,1.3726780046144809,0.15624982348092198,-0.37452836102672105
2001-06-19,1.7792397890904594,0.4540784705033825,-0.689249690342155,0.6839001197645038,-0.6536816452883384,-1.7548631874646936,0.5821794520826958,-0.7244335369163133,1.6760615284023728,1.9206334433296812,-1.2569973335498423,2.4855030341331146,-0.6127166033235517,1.7130957439812706,0.9318959475829407,-0.9190697577111728,-1.1837502899322114,0.9007577352555171,-2.247714300542391,1.2187710734790356,-2.1856986693241818,-2.3969243139170975,1.4921201419818728,1.4416579498906166,-0.8746543714609403,-0.6517123786519429,-1.3620382808334173,0.8688298475334376,1.90438512004393,-1.1546538523174235,-0.6916695996239262,-0.37985467016687147,-1.356545102769124,1.9958303086433764,2.0314925146919367,3.0,1.7740031101196039,1.3726780046144809,0.15624982348092198,-0.37452836102672105
2001-08-14,1.0556083359025255,0.7934948924349596,0.926224824672602,1.5448233649489391,1.0748061815340921,-0.7478561258744311,-1.2232286103939067,2.4284952169184972,0.9692901741600565,1.5524547359840446,0.82524180139221,-0.25766291044097694,-1.1255298629241273,-0.3581901924495541,1.656674595218116,0.5993145563628746,0.428420274896162,-1.1385260669157038,0.6129172051991636,1.9671938330804761,-1.4557147853089887,0.2781884909739016,1.8174713929627964,1.9705912941508732,1.1491787180912871,-1.0914325434696637,-0.034305736798275845,-1.4055611874198508,1.2910730769820993,-0.32304353268388947,-0.2661251088305776,1.7373172202366585,0.04178650708399954,1.6468482587940818,-1.2765855001420656,-0.6352832911102816,1.8741819606187424,1.4088594489264816,-1.902242777598592,2.1742292260845053
2001-09-25,2.3824262586790965,3.0,1.0116403514441308,0.625440792626062,1.6792555256733506,-2.26302312202043,-1.4737860762501662,1.8868888770871692,1.497644656667341,1.7485553775428897,1.6206996400747684,3.0,-1.782614734025533,-0.39798921391545866,1.8713205881619972,1.891584897271629,0.371778870168409,2.383048761011164,-3.0,1.4400339869751828,-2.029339275186972,-3.0,2.008161772220318,1.9226066100200143,-0.875782129414011,-0.44118105095177695,0.5526430316725556,-1.0123365623453007,-0.9573701074082456,1.6352950822259618,2.024522421517642,0.08092216910083773,0.3847492801005542,1.2216366645377037,-0.5077438286732414,-1.3469764944369136,1.6701893108651822,1.0369072519214453,-0.3601121774114685,-0.5712405705908528
2001-10-30,2.0099986023588428,1.7025510653607672,0.9820320720795084,0.8257504110414664,1.3405808476089829,-2.0228358083243396,-1.5560964447949928,1.9126658089229258,0.6072731602435489,1.145323572823851,1.3983105716470194,1.8213176361031385,-2.100706429463276,-0.8577643614937548,1.7754638325152552,1.149989195502587,1.875175997837086,1.3687061917193533,-1.164444829244813,1.9888331687686585,-1.1550650048343014,-1.6883464290145191,1.928997255145451,2.376803822002657,1.7268873135213867,-2.6458358082435818,-1.2840004550356119,0.6604202826873137,-1.3259189510818437,-1.5057969433026444,-1.163900194231671,0.4434208240810982,-1.1574830988092346,1.696160999355179,-0.28855839097162206,-1.1466234195554001,1.7048856662122946,0.8791477922839656,-0.3823705301014353,-1.9283626765662223
2001-12-04,1.4826070273057268,0.7182888404724329,1.7546977037510036,1.4003139202984896,1.6922797862821237,0.35903691285155165,-1.7355370844893852,2.1222008238908483,0.003317219455232152,1.9537128105844277,2.0677223565752016,-0.05596643808041857,-0.9106831036708585,-0.9579283112981609,1.5538043832001138,1.8180296194463457,1.4719807633537036,-0.35261959262100034,0.6284364397087594,1.545416676334427,-0.2751715409920213,-0.35007774643349077,1.487534058320349,1.6622668002846377,-1.638858142274895,-0.5709087834201967,-0.19109579486208866,1.1760249715498883,-2.883521619809209,0.028454056003175906,0.478389159393099,-1.8696901739782743,-0.18415551349628315,1.3536653580676514,-2.4510603139826364,-3.0,2.116964050045374,0.79600227946981,-0.6345224413059206,-3.0
2002-01-22,1.1727748700174827,-0.41827783429908244,1.34353886243228,1.5853481998292154,1.0843312500958058,-0.48492818133409477,-1.224199631025235,1.3363630925562544,0.5474984583797432,1.2502732946037294,1.4265364071393347,-0.3233895475457026,-0.06941759479696895,2.761137116355063,1.0375451288691198,0.6950017215087447,0.9422028391007619,-0.30119137807792623,0.7626868646385137,1.347173629640096,0.2557056646004863,0.11249846132386916,1.36583178231549,1.3115150876749049,-0.7503851253863297,-0.23069332276655646,0.768756899566562,-0.6089227825853877,-2.222360028209351,-0.5373609386149303,-0.9902612656532873,-0.7350041810297864,1.0452398543747536,2.6967600734738486,-2.1653577923141176,-2.500547951052348,1.441934986685157,2.974184264647055,2.327270066497639,-2.3596067655633197
2002-03-12,0.17943627221168001,-1.0067842564547667,1.4683472212335134,1.96829806805416,1.1900508009278856,-0.07812889249308877,-0.9999460657542038,0.9676085956766798,2.693066115445638,1.5629967671691976,1.265151390558427,-1.7162555404053017,1.5561295760687865,1.60750012541952,0.1459664377040854,0.10262653157602003,0.6736308893172706,-1.1070554046350842,0.9231720499302191,0.21788349421388903,-0.5191745551758312,0.15766481380272718,0.6360418600467681,0.35176423113947425,-0.4661416360744962,0.9547113761015859,0.3143449869187693,-0.46136847706423123,-1.45240346768548,-1.0378212334641992,-1.3706032310472538,-2.2914061355836193,0.6044370926855341,1.5583012606175273,-1.0069359315074644,-1.626513345094097,0.2937986047910706,1.611546403848206,0.5886855809891471,-1.6338642213015249
2002-04-30,0.2942641153048019,-0.8057634412125274,0.6172609024299713,0.7471214035116106,0.4620479905283037,-0.0038250039979420207,-0.5044062474609821,1.2484400331603085,2.2471147807922263,0.450194985121695,0.6627072754077878,-1.6414193344069425,0.6213012100452041,0.9192325985097131,-0.36375862676898574,1.0099973490695688,1.5520379836288214,-0.5207776671464757,1.6042901106271712,0.7841054952733539,-0.06455854936635608,1.4439612479592676,1.3049644763458943,1.5745316530018374,-0.7925409577045603,1.0241007897243632,1.7630774376328393,1.5340630931257753,-1.2792354496502027,1.0089128200239414,0.49805766166902354,-0.4688849621667415,1.7681838064734896,1.332422900635123,-0.9030456310218743,-1.2198823419701572,1.016305795140516,1.1721399175464429,0.44189386365286865,-1.0992935352759912
2002-06-18,0.6590478416710325,0.32057929464194074,0.050154004631834496,0.3460494861464708,0.24248556558124557,-0.8153592979349242,-0.609383701882703,0.7323144127883703,1.5626768760805585,1.4367563276169246,-0.14307523899697452,-0.15931165707308642,-0.47740764219274046,0.6044889484391208,-3.0,-0.10039373624876659,1.487388137032422,0.2902100252591453,0.15308407308154123,2.6829799681371798,-0.8974267000026903,-1.5198101285964862,2.905529986929674,2.793857528446522,-0.8486933793103967,0.870816552386108,0.21505735337887488,1.0830359094758608,-1.781591363378845,0.03149177821662573,-0.02856552659498036,-1.6055631036775657,0.23930847283749443,0.9328376463267345,1.2320964254745865,0.23789766006196592,1.1311068205634802,0.7922228920379641,-1.4733619598280252,-0.2962554504530714
2002-08-06,2.80157840926035,2.2580041751752287,-2.2928979904821727,-1.3211608688310053,-1.6364005944762257,-1.996606403601277,-0.1768917352219705,-0.7514691493028712,1.8267660695924703,2.5579837612572116,-2.3529002091183417,2.2945433704768132,-2.5126702273994717,-0.9688920973622904,-2.36254672392391,-0.696312206768039,1.7590717550585044,3.0,-2.781631397422306,1.0250792531970125,-2.351550428758699,-2.523514754954625,1.7504063946240582,2.3678477285889072,-1.125647133164223,0.47307654219342604,-3.0,0.6993617365452721,-1.4623531209469889,-2.197520726803018,-1.0586016738690087,-0.2743170371489861,-2.955399882540142,1.3005229276614956,1.106444872373357,1.859226781062111,2.9226515265317032,0.954934763415264,-1.3454906247968679,1.0561113779039533
2002-09-17,-0.8353952419818178,2.313898119752085,-2.432486685513629,-1.46575502371858,-2.222053469280673,-1.882238549276356,-0.5061141013051983,-0.872929136325829,1.581978124682884,2.315986007837042,-2.7153802252369985,1.317021469735917,-2.5093479860299954,-1.4797147599637461,-2.0650919145854716,-1.1375538495904334,1.2059502398493254,1.872707962286233,-0.9842497814680985,3.0,-1.102836257220838,-1.5282001750119594,2.1033153005896774,2.390844428500627,0.24195041667536551,-0.1130665534594649,-2.444524425746465,0.5782953008020895,-0.5231216362386097,-2.046205641351714,-1.215191100839506,-1.4679726361221397,-2.468146949497964,1.3836086730548904,0.6039030698880661,1.3592124607121205,1.4753102820020383,1.4410223058349367,0.12794637387027072,1.2838742365675209
2002-10-30,2.1254903674023935,2.0096805209727515,-1.2153732447089771,-1.6467654627678305,-0.02403400244042076,-0.7555482577262201,-0.5486025415187656,-0.872929136325829,1.5357196594392613,1.4834949331870917,-1.0006817508471884,1.473890569432233,-1.2715116193137936,1.1535626842437119,-1.6770655152912763,1.6836305295328413,2.2924834960069336,0.4528528859879779,-1.2221177872794788,1.2442453658067694,-0.7188843560508138,-1.2532512250374506,1.5331368859483019,1.3797503714740322,-0.8296511870790773,-0.8564858872844285,-1.7035914606770086,-1.308647184078502,-0.14996318973155923,-1.5449512766582654,-1.0933961451907388,0.2309364682632716,-1.712842921121173,2.0741435323480237,-0.16201435340116785,0.9265932681299883,1.8752527601938445,2.4199106667525627,0.2701365057522577,0.9419816939657893
2002-12-03,1.2240714718997026,0.2487385665556174,0.32232781434428304,0.5909632039018157,0.9653620227385328,-0.9270416000862438,-2.8701228335106608,2.6675536106555655,1.8745877679192213,2.2619964849190293,0.2646186640068955,-0.17323275918714218,-0.5384705601932803,1.074671752806302,-1.735602467163327,3.0,1.6345281583511522,-0.06261799333514664,0.25371457578662865,1.6515182263153387,0.8516029904416692,-0.00674973177736574,1.8339916004849486,1.0973269600015576,2.410585839862093,-0.8384479333424015,-0.6226843042065539,-1.5599120536660107,0.5317828668317306,-0.961693765565949,-1.3008849143880619,-0.5672239015836615,-0.5746796346026514,1.5106954990335115,-2.3116269151033015,-1.2345232598107951,2.65590879943875,1.6273050480112121,-0.43244082165197095,-1.845446740987661
2003-01-21,1.818019696949999,-0.2552377218149901,-0.020106652800164323,0.4074583455774596,-0.3023115913445807,-1.0611828507896186,-1.1966844710002051,0.0,1.934812405242689,1.3988043939424888,0.13997300568289395,-1.0253547174940552,-0.6620311071533177,0.21955565419541911,-1.2588472185932726,0.6664857105275176,0.9794055978104643,-0.42798068935651506,1.4160186991635024,1.956110712426693,2.204261592965362,1.5796358915523834,2.090124035180199,1.4250710155487012,-0.725652526547657,-0.5448831539818513,-0.6568274616912051,-1.52740630419999,0.6439241524057389,-0.5545487547825799,-0.3924332975596277,0.13449225889097025,-0.6682836509656208,1.7188548530432985,-1.542461429161631,-3.0,1.8763486623257282,0.7384491629080461,2.3395798467354205,-3.0
2003-03-11,0.5848563433947612,-0.6484864308033237,-0.6258396295673033,-0.5633549517993927,-1.3507866117133138,-2.029386128599772,-1.1382834002914253,0.8081285179709295,2.010675353853091,1.8718579258861014,-0.5776808680361183,-1.2307875177228895,-1.727400628822061,0.2617526185081136,-1.5883832975716834,0.27806512451960763,0.6575857606921489,0.3791262633532582,1.9143307890467012,2.0168926163848493,1.4503148278368168,2.00533182437396,1.8414312421876295,2.048579218806299,-2.8194459163437937,3.0,-1.358137954692345,-1.032201689047893,-1.738644077034826,-1.4507560743008099,-1.5135577427703903,-2.562600816972339,-1.344184351965611,1.2455048103783308,-0.8373096577421077,-1.0694143999804642,1.2707551190447124,0.4347450538008654,0.9680140246428055,-1.5735277648199855
2003-04-29,1.100773869305095,-2.1597162490082407,0.45367769427817445,-0.6367547681792518,-1.7148571586795518,-1.1387947558510532,-0.5708118744798577,1.289425613002224,0.8660838991789778,1.1696344751948244,0.6478681180730234,-2.1434120902066116,-0.040572267595725034,1.1239291425310958,-1.8518779460691515,1.8814310276731814,1.9600353193759845,-2.0588041510948294,2.2563588757559465,1.7877325468944345,1.7967146429964589,2.359728729115612,1.6649055551884395,1.7123259214445985,-1.982194056234977,-0.8338149271191556,-0.9822752283707812,0.14245788799055098,-2.4868355110507196,-0.770898718138009,-0.43357166825452814,-2.0842733589078914,-1.0014137727741974,1.8083820977724634,-1.1419380979865659,-0.8031027202913774,1.2652897414013684,0.12766531796840871,1.1155475236431311,-1.0393285699813177
2003-06-17,-1.5376253719010133,-1.1733648108473576,-1.9327629610620964,-2.7794957247727305,-2.057458204842795,-2.511808604562535,-0.4155733206713791,2.4821377212063997,0.5061854900359336,2.111260652015286,-1.369785103605609,-1.6531928394338624,-2.361637183163849,1.0803010431971414,-1.8591885485339825,1.329667477294482,1.5033187098442837,-1.4920725450266668,1.9134316809455916,2.009681209582541,1.8466424023932568,1.9279745923383405,1.7028651438379754,2.090764783453558,-0.7929623826526726,-1.2716801016371773,-2.0358535565933003,1.1253408377935412,-2.0230404611727972,0.370532769019021,2.5630076702531355,-1.4448939405478627,-2.172247372150097,1.3607721454647135,-1.2197827499338463,0.12404036820827898,1.866514969307573,-0.7106584267080472,-0.1977599966939838,1.5535525033574287
2003-08-05,2.2085043603343752,-1.5249557021040425,3.0,0.6950424550118212,1.3222382231540504,1.4856486607327088,-3.0,0.49028704259033973,2.0496055154817436,2.2214312150044044,2.990175428793584,-1.4919218654598287,2.1749024927642604,0.8985332129898225,-1.6446613056063901,1.7368641492527064,0.5455696642871961,-0.47207244848179464,0.9933713733198949,-0.015491867436096367,1.2672664797510471,1.2457631955798785,0.8351182447418563,-0.4185658345307056,0.7710190739263858,0.31066388666070854,1.261098199847697,1.9057431501148492,-0.8946544832078605,0.18800404282259447,-0.6402231750744376,-0.1585582075949743,1.3451634403143657,1.8092581271796393,2.502297866240834,1.5649841691123172,1.3648370801700103,-0.4158219584330483,-2.1909110409525465,1.4414403545524628
2003-09-08,1.9250531479398119,-1.6194828959353345,1.6984917082994495,0.8992161606752993,0.7088916350762212,2.139367178975942,-1.5820244581056766,0.38886000738816595,2.5267347329860885,1.7784303889418331,1.6993101069583336,-1.572842100008946,1.469026201940602,0.7722019017956634,-1.174965883593976,0.08336390522058484,0.3746098890946117,-1.063937804697666,1.3180728033159501,0.26059176337740314,1.5478523318897948,1.3831510165909777,1.1495842316456348,-0.15395052890657174,0.5137899354671593,1.013567794845462,2.140431580824374,1.374280420305207,-1.0718133815114965,1.2460793377894392,0.12490466588087626,0.6359889714945322,2.1582829042355662,1.3962962935796888,2.073172952154688,1.3811257597585487,1.8283390864213138,-0.11522957477475956,-0.676627312559261,1.2340324571290129
2003-09-09,1.902551639274211,-1.4222461829557342,1.6813372557499644,0.9013901341707841,0.8391617977832762,2.1150250635209886,-1.8911204570672524,0.38623726273429176,2.508603154168375,1.7615651975563928,1.5992662068168997,-1.5733846019681934,1.3425444760984904,0.7687638626880393,-1.1668525802137955,0.08702487004076118,0.3695542050951715,-0.9426102699083831,1.3511572923044743,0.3094002180855379,1.5545754375577907,1.4181283550124821,1.1931545353518191,-0.10849296133749438,0.522834751901696,1.0087686949980754,2.129184714760017,1.3627819543858684,-1.0650941268602443,1.2419071866961384,0.1242708503010207,0.6376095652440761,2.1471546326617403,1.3881678169370157,2.0478091587612686,1.375971344492664,1.8151896656060436,-0.09936231094503918,-0.6787451550997512,1.2283556977220742
2003-10-21,0.6323338045882074,-1.6275497813995576,1.3002433557267328,0.6371210540191536,0.6204909985506795,0.7967044136092876,-1.1702502926535792,-0.6267699253190787,1.4036056326057063,0.9099391847367696,1.3424895478116161,-1.7104121757493183,1.190769242855268,2.365717315218244,-1.0029198273431286,0.5960766320617069,1.6715384003234726,-1.1857148514226576,1.5695534150202555,0.4395337036079274,1.4813466655361909,1.494638993441301,1.028599415093866,0.11995792325759982,0.6619169705882603,0.44157365035273766,-0.2540752965787596,0.9878783399072167,-1.0105542655928823,-0.7764045082512676,-0.7562908433708548,1.0449389214086486,-0.18156716741478063,1.836445255513196,0.7481284651676031,0.9940603609532613,1.826357798595391,3.0,0.6091538952517089,0.8801408338012692
2003-12-02,-0.4186464528172971,-1.7044171847273801,1.0328537526079373,0.6771346823138417,0.45768722689631075,0.21639649204044628,-1.0152447971861078,-2.6151260284375017,1.6930880729463451,1.0364972848492606,1.0070593671770187,-1.7885797491499213,0.9351745586615573,1.6718937086979648,-1.9615157830467154,1.962474890011226,1.4224369435331414,-1.3116440835685497,1.7604411353819114,0.5818338804088765,1.439678491314582,1.630542083038042,0.9695973934081247,0.20876694318978561,0.24544924795011747,0.6174582530281046,1.4715775449164152,0.7624928516630285,-0.7625067264723312,2.1645390225359926,1.77137003376004,0.20467355698045553,1.3604341742402,1.364885776314637,3.0,2.991582748143296,1.655251027312365,1.7505751252777577,-0.4680487307148485,1.8820673104892993
2004-01-20,-0.05853235532619287,-1.1843198620867448,0.07804800732833524,0.0005431130304347943,-0.5626674219414771,-0.493898212437195,-0.2691679235284616,-1.518199795140752,1.7811262066336369,0.2507107794966304,0.1546999074896225,-1.7032513016759045,0.018867724604028413,2.892791898231851,-1.597839258999963,0.03203352006070704,1.801944342876774,-2.0448854068119533,2.1672216369995843,1.8387860458124727,1.8701823270862616,2.140176311017996,2.3652759185205885,1.4292883240164451,0.6577156239493143,0.7878098248280595,0.7274129422293695,2.5243720300087173,1.5622626269057271,0.2855481747499603,-0.17075254181804286,1.4609296144499009,0.7580018256612767,2.2762747299229202,1.5319674985126162,1.4351965476966355,1.9935046874688,1.808471469886639,3.0,1.310958842644019
2004-03-09,-1.9211442933779888,-0.7359041959618436,-2.2316614355473563,1.5241624887283443,-2.349987531349066,-1.1795836238496755,-0.27539228561327095,-0.4727292349482607,1.9553015461440202,2.3041472400179566,-2.6467340977611302,-0.6772872238747836,-2.3319734766463984,1.5362484872728568,0.4084296407486546,-0.22167135657769133,1.157648002318904,-0.5959560972356664,1.4468258938841554,2.379370560995641,1.6822162258991615,1.2209807204398533,2.270140846381211,2.5447425723619386,1.1318266773753827,1.1192533754971874,-0.5820795690756984,1.6449566416599617,2.0194224981552127,-0.9798870138318332,-1.2219971727746466,0.32594185363548467,-0.519913197205165,1.5057184602499847,0.9891245447914505,0.8775193803802903,1.1385380925068977,1.1666201583724003,0.10535975188738592,0.8533567579048454
2004-04-27,-1.5175066492222031,-1.9708603508382523,1.1950152143794508,1.0711361660598773,-0.025402634196948274,0.36792208931310116,-0.36106837353872356,-1.1710015016459234,1.5679882490058836,1.4472739154510421,0.9990551517643573,-1.3521863951193986,1.1792902149014024,1.447083327881723,1.6780872788213048,1.810562164601691,1.262941553722075,-1.2192832244450909,0.9810765707198071,0.3551012346260451,1.5323896316525298,0.8773293696848365,0.7494791222514147,0.28505017475168243,0.692971677043459,2.4209048958618395,-1.178671893662465,1.4306490195804278,2.546572489550599,-0.8628293786552792,-0.45731351698758965,0.6034830360604911,-1.2058752066658482,1.7149167207830536,0.6170191057826562,0.575237297955476,1.2847674388184602,2.048987265940298,-0.558904708674989,0.377468554163703
2004-06-22,-2.8381054305637505,-1.3490909667615631,1.4762650587399062,3.0,1.0853463116702626,1.6753218912996164,-0.003612981787377204,-0.8824858372637961,1.8009151150639735,1.4750083156833838,0.36952221571739663,-1.0916503389744134,1.482022274056412,0.9831926999615179,1.984888456414379,0.9571600313417468,1.1455799413364713,-1.6471776636003492,0.4671555174617176,-0.5388242238853124,1.329183189802517,0.8232569178048482,-0.1465101740237938,-0.6182950319121093,0.5658686961420916,1.4887164704414086,2.0524080984464357,0.9112635266683734,1.969287506997366,2.2764736197160294,2.3502287515269122,0.6284767596966172,1.9990035756893785,1.1412538798037666,0.6928507309727981,-0.8517883285409992,1.788191494248477,1.376634839316529,-0.8020903675563049,-0.5929878309404386
2004-08-03,-2.2096061651775805,-0.36010258129503625,-0.24973572926240536,0.5540234093240212,-0.5093443301253774,0.6750828606338406,2.1376711546334595,-2.6392553551741624,1.493364798430295,1.1591580881966794,-1.2817634256494908,-0.5552596372258004,0.4198818531856421,0.15871658395157368,0.7271290373964696,1.4204442623042448,0.5016150801505926,-0.19765023965058076,1.3194221753046584,0.43637249365908454,1.8901995860548055,0.7123130843595428,0.7790376018496649,0.4560885557208536,0.7980015594757968,-0.5190066510924878,0.8676067105474357,-2.1858706649363655,0.8334016513431155,0.9971922504155833,0.9787697896752472,-0.6676995328970573,0.8289711793967955,1.6090768685371857,0.15556552399037413,-1.4273985912383564,2.356499284095606,1.2824579760468044,-1.4094705666526313,-2.3563702841545147
2004-09-14,-1.8005917957524462,-0.06389321023850938,-1.2847438614900248,0.27118569812216414,-1.6225231242767233,-0.1991401376701136,1.5628654053669357,-1.5854728810317575,1.6228832682264989,1.6474742240352498,-2.133715125514901,-1.4194889088124159,-0.5551278071638746,-0.5494189600647302,0.33418701045285193,-0.6711823537036559,0.21408732237589193,-1.6414028059583543,2.715221533919406,1.7103292499626264,2.4240173178632656,2.4524334722204197,2.040960541764189,1.6394046716311967,-1.0750280647278723,-0.6934039887099549,-0.06120585526245916,-1.5274120219286498,0.5167935452733907,1.2121125763070257,1.8366367100558652,-0.18365456645283904,-0.3170948097804387,1.329058586116696,1.554736820495067,-1.1620388181495103,1.813115876340347,0.9627031767323921,-0.34389115800307346,-1.5200972893416538
2004-11-03,-1.5653359143223051,-0.6371734388797348,-1.4050390435576847,1.1753214209013705,-1.6358794386261646,-0.913629929013668,1.586282342057534,-1.2296340919155144,2.429067666659593,1.330058256362026,-1.861360981240454,-2.4764523920623356,-0.7405166129382917,2.3643545136834536,0.806388730375108,1.4840777189693322,2.4254191829233793,-1.098868022858987,2.4357007042871506,1.5908582409332532,2.118619885129589,2.833742587462308,1.5910348047312788,1.4560604324477509,-2.5866145840051717,-1.182148188292811,-0.4842767690778316,0.6176044870841196,0.6265969253509592,-0.08400233000627755,-0.02387355464295702,-0.7213558949437946,-0.5762918932820076,1.2181864117236636,-2.9398657666765073,-0.8059033543276658,1.9626931556368563,1.2593789007746778,-0.6314703529224986,-2.560554137822258
2004-12-07,-1.6560849589549498,-1.9351034030994745,-1.3146043863068146,-0.3577707587154864,-1.5627158965677768,-0.5044392779132753,1.680349228231536,-1.1060293716150769,1.7178018003119724,2.2673728807564753,-1.6188605364366568,-2.272176699822023,-0.5547623148178271,1.591362947636149,0.9181105906970243,0.05199581509305755,1.6432229306716357,-1.0493852777134465,1.9018237910295874,1.3545317442899663,2.1216024711889228,2.4053031955735373,1.123553967150373,1.1702872173867163,-0.9277335298805178,-0.17632422056712152,-0.370385156129936,0.6176044870841196,0.7818079918295672,-1.3907950718675843,-2.0318905245796786,-0.5090441274692056,-0.21701347625776976,1.0461866507449176,-3.0,-0.5935662458167843,1.683460617962149,1.3833701183534208,-1.3239979623703988,-2.4702821635847916
2005-01-25,-1.8752604489330755,-2.4053389339772293,-1.2950429001075292,-0.3393605235193093,-1.5877074137852127,-1.0229990173453296,1.5781082320719653,-1.6879710397870207,1.148256609146498,0.44127687123615084,-1.3639770254309143,-1.0376654486520385,-0.5490212891328029,1.4424288007173023,0.6801961817384392,0.17397368173722635,1.6655262201864591,-0.34923267185016144,1.271246834574901,1.2753896875534523,1.499279900499616,1.3846725765216332,0.8861225069285309,1.1370992572670355,1.685835940637375,-0.463266613635205,-0.5125514658212993,1.8578676264233587,2.047290351100471,-0.47042371657434234,-0.4557296089693088,2.1087874947142575,-0.4966958766044508,1.874176770642992,-1.8141966619384993,-0.2668228474630193,1.4941590409559373,1.8407809317217358,2.496323831884086,-1.8822455192705838
2005-03-15,-1.5302611903756604,-2.269085628462564,-0.8420428753580003,1.3882524331879216,-1.3280471877583027,0.5920198232176849,1.6714049532010253,-2.635397550914205,1.7323802962178962,1.6220810907897822,-1.0658514644150838,-1.6823165705394372,2.247258572615059,0.9659971549350262,-0.9772728527510837,-0.4675946960768655,1.088156685441411,-0.4321432743345161,1.2681432083255628,0.34341474021331125,1.464223814394451,1.2581619808124835,-0.05068432423702636,0.10689591619381732,-0.7886540946086084,2.2210535687130633,1.3863752243428422,1.2935069896899622,1.6272721471187053,1.1262237506743247,0.5136180336877161,-0.6302683888793936,1.1863228908748085,1.5018109737002863,-1.1468138745832206,-2.2360443848886113,2.2175241769148433,1.2830606782282805,0.25318341362935626,-1.9497920564222844
2005-04-26,-1.5625377030345546,-0.8660469726237271,-1.6452211735943296,-1.322822248650493,-1.406162094658391,0.3107213932385183,1.4963499585303643,-1.606665326479376,1.6241243004277925,0.8691423928033468,-1.7519232987376163,1.394037394436269,0.2836176574123076,0.8388053350602365,-1.0089276718457774,0.7369930621669917,0.0770068464969235,0.9603977277757398,-0.05385031417953199,0.7864891376383951,0.45538512387485414,-0.23123049874340695,1.5644152541002243,1.348080207934419,-0.4616125446075038,1.8552601939547,1.9744444035956472,-0.5375690913074165,0.029133436064805347,1.4898353015618164,0.9222059007942436,0.45670061921272265,1.8773819249276784,2.54972201480793,-1.175112257754993,-1.8944885187073879,1.9912615291365523,2.0869357193987215,0.679738085054608,-1.496502026763832
2005-06-22,-1.6570676298842777,0.4411418348202627,-1.759802818069752,-1.002193199132331,-1.3498082273992684,-1.0377914670732122,1.137268390437267,-1.915912749450824,1.2174669937761364,1.6279060202678795,-2.149187189379065,1.0231910168823928,-1.7690696751382549,0.9681838747625534,-1.8085093970073927,0.479634999016565,-0.7287196494523942,-1.5300697232793998,1.163521015292731,2.5415193474983164,1.6579789082153131,0.09910536019416874,3.0,2.6994749694804376,-1.0882696797128366,0.8265496977946941,-1.3042030402993028,-0.9814416009840726,-1.6532705350463832,0.20237999659053132,0.5422279845707763,-2.3475385061286227,-1.616454608388801,1.3671420176543647,-1.0158834843876687,-1.0929381996267307,1.4438026680684495,1.328183323506876,-0.9500197164522874,-1.3130668771678524
2005-08-02,-1.41218331318302,-0.7628843714379565,-0.872081530814937,-0.7095562450027381,-1.0769677846919543,0.2842707335649808,1.3150538872545283,-1.9963957716926792,2.795437976117325,1.2796071468360024,-1.5896797882338047,-0.3648684128365787,0.7210343943902755,1.6812837478909723,-0.4057454243254289,0.4918665795192592,-1.8941225877053949,-0.6933433478092886,1.9784449798519683,0.6671083029234262,2.44154308111809,1.2259638144593195,1.3223117753232636,0.6070646434852308,-0.4203178209809435,0.13705106813325915,1.171920697507978,-1.4796061865193233,-0.07886476574656937,1.261060321188637,0.8602614873587918,-1.2751259594922408,0.9296794647766502,1.3934727312350246,-2.642123348219682,-1.3535358711032364,1.4375675801841896,2.1303290623172026,-1.6202960588818789,-1.7215015545042325
2005-09-13,-1.1315027769124935,0.8290171436545271,-1.327412968932548,-1.9949614765806827,-1.258852783456119,-0.25539427518384444,1.3496486097401366,-0.8146137481689932,2.916114355754182,2.0737805697738154,-1.4493796802367027,0.1633215383148222,-0.5052694216763121,1.469806007442923,1.168138344545099,-1.5611394836523131,-1.3284512120228995,-0.2968383946927865,1.61274938103282,1.5097920427767224,1.9372402451844382,1.3046995891413702,2.2379072308866736,1.4924001569318426,1.9268337681630905,3.0,-0.7584834072837116,-1.1030152873845698,1.2323400083388503,0.3305379777498307,-0.015054352032865021,1.0041186233440313,-1.0191569562535479,1.050012110490275,-2.385537204070955,-1.4874223453660118,1.6443239928216935,1.4332654853645959,-0.650490379904166,-1.6293948887142087
2005-10-25,-1.067591993814061,0.4951399658454661,-0.665219682203424,-0.15368041601791896,-0.6475448945398491,2.2571651971823217,1.476537563706874,-0.5576787033251037,1.8002919786938398,1.2514292048360711,-1.2516076702799794,-0.22024481848416488,1.7214140302039354,2.6821716140314504,0.8536703609308249,0.3775284766980745,2.278452753725422,0.9946104180877415,0.6410890763869703,-0.2967945115623207,1.514453649169369,0.16615602232144078,1.1337415018265833,0.08768001316758088,0.8285284467516065,2.1732799781465677,1.5721485868591205,1.2547264399447804,1.6944470981705055,2.468050745534519,2.451342023446747,0.1690318447780518,1.2571332815061547,1.5966145730796255,-0.4708564005937163,-0.9918391014993773,1.4103001889233473,0.9835239213548119,0.5612959395399134,-1.3238984664694058
2005-12-06,-1.4084908848083948,1.0292467617402232,-1.0602129057290506,-2.637484004681799,-0.912938936578051,1.7371715817687903,1.440737884330764,-1.4526434385995401,0.9415588375416475,2.1813757042885147,-1.4075549774824927,-0.04845739336313809,1.1770490678013532,1.6018634966766758,2.258391381283598,0.05469150851381616,1.5798587022091155,-0.8849863044112721,0.5590694041753888,-0.15119183899346905,0.6739426104201868,0.22101048252239466,1.3265568192647155,0.32148162490260784,-0.7883759432458558,-0.6960411593627731,1.3097082208467632,1.4799357665275155,1.2267812480365499,2.2882455498125136,2.5562680818655172,-0.06745578650548288,0.9592128838454882,1.4417299583231502,0.9467375853777433,-0.6700279506867813,2.033647837392297,0.725176489523671,-0.9538015339342099,-1.023610623793094
2006-01-24,-1.4269709505441548,-0.18994388347137403,-1.7938863568950876,0.8430914738507425,-1.8502960162292303,0.6251354823483334,1.506589666650553,-2.6548932464031503,1.1127011392396773,1.1534395533077215,-2.5375301431108115,-0.4709935219312123,0.577889313731948,1.7402485975268698,1.2327684575084565,-0.0726819093831751,1.4587564537743833,0.7036678252231363,1.6516450942622636,1.1490286801439609,1.4903739005823236,1.000193518355611,2.2090109671621514,1.645518421080163,0.13772760394919667,-0.7721406658028819,-0.01803215078405966,0.3424882271695335,0.415968751311235,-0.40614551883728595,-0.7066300065046359,0.5922920303990034,0.07050280602512728,1.7394100094748195,0.5518003772310179,-0.6765622746601052,1.937450673865875,-0.40691244393976866,-1.446164854358405,-0.7283579615303198
2006-03-20,-0.828149021099117,-1.1942978797400856,-1.185293048854174,0.386270073506992,-1.4248574660847162,1.1499042317241919,1.4719912900978689,-1.6696670252721413,1.0373144288872624,1.9723175102987813,-1.577475549563401,-1.4025626096725459,1.453403465569558,1.1312123307829183,1.9100581960278042,0.6825611359521332,0.9324564542580853,-0.4291935413804526,2.299754558441238,0.5560504943076447,2.0643209347708718,2.227478739531404,2.211145694412832,1.0091314524503683,0.3981806771463393,-0.6868703739915418,-0.13135644144671949,0.17788761264405004,-0.023897540516416117,-1.7273672490509522,-2.1115317143234806,0.6292314540198959,0.5155826623188101,1.1738428255914783,1.1932504009706926,-0.4362154541082255,2.4237689589714173,-1.4884355831223501,1.6003422538248242,-0.43542790385237695
2006-05-03,1.1335180388106034,-2.222910145094562,0.0160411414854563,-1.203571144613205,-0.5806189960779992,1.754108355543631,1.5285829639398258,-1.886831136170947,2.3037992363327513,0.9253766570622564,-0.16132524326931363,-2.3866057224625807,2.5413176406230416,0.5245788763030017,2.677911631244886,0.7127851016486005,-0.06483888504560104,-0.2841291006901025,1.869326262661053,-1.655771711144378,2.0964675481223938,2.6824995864757275,1.80729459886317,-1.5408538987522047,2.3507892601476335,0.9387619891445584,1.859412783921708,1.621587532500266,3.0,0.9512606858044392,0.6596177075085806,2.65012610716971,1.947917900759881,1.9906973615671892,0.5599367385844676,0.9838514360107038,1.338662315511437,-1.9789026307112527,0.3881446252882016,-0.18107149217410212
2006-06-21,-1.0234009576114564,-0.7917269911341605,0.013166532514442114,-0.7560078406537896,-0.24029735413113054,1.6364657305627417,1.1870309144912006,-1.2286315364358116,1.7664583577823032,1.4960252883569838,-0.196930972324412,-0.11780518774863998,1.7461731434989727,0.2157196974565404,2.453924784348492,-0.2737290867342994,-1.0622844538088978,1.20078258342598,0.6072885875247633,-1.374029657612969,1.1690277933926,1.045423612008857,1.3768407720086524,-0.7066777934765192,0.37712719631822583,-0.12046202093784664,1.4097030415910876,1.3017529218158361,2.633750310224842,0.42777453781426844,0.17848807557120583,1.0898143027638436,1.601008716237682,1.3704781664268295,1.778559133518815,1.0410216474015102,1.6513707428748605,-1.253382324723553,0.15143634816688029,3.0
2006-08-01,-0.05749867409566718,-0.41338811526242963,-2.487527760458995,-1.3783490205759066,-2.0827545917082366,1.3623495363683709,1.635512282830001,-0.21023533249129936,2.309519384552572,0.6830853732868387,-1.8806476020565563,0.4860200820276447,0.6730027444318767,-2.4923801202136833,2.253788050328415,0.5431509573588633,-0.2599503099894634,0.8109991026920026,1.4235051705659119,1.2217431905432958,1.651314020022655,1.3304773160037693,2.585613117992442,2.1250565017450347,2.665384984539694,1.8081421649177674,0.3690317835026896,-1.1299254697492191,2.033081931420934,0.614568078644908,0.5552339484049583,-0.6800830763316764,0.22422148988173884,1.4005617724932506,1.8513888392533182,3.0,1.2968244031373835,-1.3448571613312434,0.3117445683809877,3.0
2006-09-13,-0.4915888888126278,0.023742231561537305,-2.199811138470949,-2.393386886429739,-2.2083057509905664,-0.031022538898351684,1.2334391995659992,-2.527603010453137,1.0069162270442116,1.7411314440562846,-1.258786512033333,0.5185801206734418,-0.36486805201705386,-1.541052955610728,1.3987809014860302,-1.8133961279445125,-0.25907489246451326,-1.0232000005196242,2.6167244019778346,2.438750518541672,2.17171283397579,1.7425009194783376,2.3928434054168326,2.63849358183765,-1.4239543953748994,-0.6291832995936046,-0.7891699183080617,-0.867410842614987,0.9592856519758617,0.0669051785170929,0.18635789883539244,-1.386994711365282,-1.0465368031962987,1.0530851012085656,1.4791860286150849,2.8713248429256466,1.2254759784946552,-1.1021430440560327,3.0,2.6021030737692015
2006-10-17,-0.6091707959298611,0.7373701061629673,-1.1847237150533958,-0.8701801324177504,-1.178063134837997,-0.8030701479111182,0.8333491401314622,-2.3734980141093773,0.1812533600440355,2.1957700109178235,-1.6738552663878485,-0.5160537399658389,-0.5790900129956081,0.5159844537136857,1.335380413585905,-1.3673519519149977,2.6753864513087176,-0.7412348051534737,2.37600222245539,1.7870828454762793,2.207559385349148,2.016140263113241,1.8826723618537964,1.7812515930395467,0.5011952079210048,-0.688480161673067,-1.3000164503671405,-1.679729663510048,0.3763828150990086,-0.7344692564635394,-0.5941960766925107,-0.19103903802644,-1.3955611228751514,1.827231568200536,0.8386217985280594,2.1090555507342104,0.8344563557831358,3.0,0.4817627321859052,1.9373567576590518
2006-12-05,-0.6463600753674072,-0.6393968984779839,-1.5769354288073478,-1.3395620204666117,-1.652289551232707,-2.1397571449581236,0.5150105574906586,-1.734376383966906,1.0056412544361346,2.423668699850048,-1.7014251347903107,-0.6392960844380214,-2.158161529682856,0.642044228145828,0.3403165595128465,0.37579328290485975,1.6465006926686945,-0.7890641833941234,2.3012397290656175,2.2044398139214727,2.031839369947168,2.291290047512822,2.0681029790573593,2.1541639364519933,-0.8314030418693243,-1.2976068723135101,-2.122289961235324,-1.2044166321573517,-0.16746435859245695,-1.9469385885196573,-1.830216622943734,-1.3616141752627355,-2.1133843431496557,1.4799224055778228,-1.6643512517054193,1.3131330777843337,1.3861169446179764,1.6800882856537236,-0.7056266353111869,1.2261140667579757
2007-01-23,-1.1035100921732233,-2.245113800657899,-0.257584939511627,0.5712072061271857,-0.5782568766222868,-0.9717609905726261,0.6026329972167407,0.4358366039670317,1.0971689650715029,1.3551798278674843,-0.5819814259952004,-2.8515702786792474,-0.05224440725529499,2.2118585878353283,0.07947296024452562,-0.2886725697091251,2.073091390953921,-1.0463830681249124,1.8281773915307102,1.0422014705436837,1.7498409110316768,2.213515057279415,1.3703575216657498,1.0075092465397246,-0.39520396535360064,-0.7167777931125984,-0.09892622653945128,0.9956803253779943,-0.19531382362197697,0.27934720479935554,0.454310723734644,0.4159687568805831,-0.17648901961889624,-0.9612349891276857,-0.9950719309871431,0.8444081545432589,1.6573900345431927,2.2339531003901256,1.1855330683143879,0.8524369733698421
2007-03-13,1.2564679683940496,0.8415363647737348,-1.4309357064744375,-0.003883180375173808,-1.0218440321472047,-1.1260585002436834,0.07110903889038246,-1.1539076469918175,2.4558998856391994,1.9099607861412422,-1.654559125134785,-0.651648768667041,-1.4588520239207168,1.399720940383735,-1.070785301922991,-0.8772153383334432,1.31074911311348,2.888000653014202,1.5280566621985239,1.7002996060840518,1.2841149614777307,1.5372674129395552,1.8877284893074602,1.7703873071571363,-0.7553999874763699,-0.503626970590236,-0.5110393923975612,1.3982187087754032,0.3619285144135576,0.5193271956394855,0.8648370801109013,-0.7854612909765656,-0.7496841074656622,-1.0785137704955985,-1.3550518621043854,0.4803397462365217,2.012171757024741,1.3381558170035577,0.2502540598178275,0.6112990378747478
2007-05-02,1.2081850022327794,0.08613265689517838,0.12519600749616497,-2.9531250559719315,0.1589649478323721,-0.8931063072483522,-1.254434103578488,-1.054326332727113,2.3314105474224385,1.0580468834698438,0.9839756818573567,-0.9577717949350659,-0.25398471886361,-0.7085958721768101,-3.0,1.4776105789502478,-0.9074082609365424,0.6332402292382,1.5738550143202168,1.4711758592581021,1.4284216318705896,1.5331732509384948,1.7225124404013405,1.5392400088821034,-0.9333934236186459,1.2524973930583299,0.6478283183479864,-0.9410231457599065,-2.6165150267207946,1.1313317952931692,1.3302822388777666,-1.16876578414778,0.4919384544031005,-0.9667016335841344,-1.6267644957756955,0.4701928054223337,2.1549129898142114,1.2182392768880765,-0.09770015627006642,0.36251357255731026
2007-06-20,3.0,-1.1725080114055948,2.6460976788958206,-2.423507464655237,2.329198480793767,3.0,0.7009338125952191,1.6376794508336239,1.5877930402109997,1.4815313898095175,2.9309905613107268,-0.9611078381324597,2.8191183852205097,-0.975503811044531,-2.317455632680875,-0.665388458117703,-1.150151553588734,1.2683490215793123,0.9894128255310999,-0.4402340746978876,1.1171203229571636,1.1808212273591352,1.3382907912615691,-0.310503857417055,0.41609153662319537,1.8625612645647451,2.110863112454546,-0.7453559924999306,-2.1247256898769176,1.7945718019744996,1.645043859158414,-0.46672122750004735,2.1227215216832174,-0.7494543930783744,-0.6285608776799417,-2.69334311049272,2.067456130954763,0.971773251373518,-1.0501841164688512,-3.0
2007-07-31,2.03521489221586,3.0,-0.05769563873945519,-0.3546049600472706,1.1115455184864398,1.8596911118852957,0.9087803106202819,1.821843579427255,1.3357036205330621,0.6363243404558377,0.1454934059412523,3.0,0.08048996077881759,-0.8968413261368332,-1.7441921458988245,0.8788294845867677,-0.1424188859957066,3.0,-1.3079486704895507,0.14093452024243144,-2.618044981712684,-1.1016863825636105,1.8733026775761075,1.592557315379045,-0.18932489373551273,1.2722928503257718,1.192973156349937,-0.2525460899698413,-1.674008067592278,0.11526448011290326,-0.14062825509935029,0.366972584614944,1.4264035607063699,0.368749487746376,-1.1392586473867454,-2.283290025358219,1.8904031491459,1.0028225052429562,-0.8606128112248215,-1.7888543821163092
2007-09-11,1.9909454557854462,2.7250152499492075,-1.2343600174273215,-2.630775619266122,0.6862767722418063,0.3991318757294594,-1.2455010423561648,1.5119522921005166,1.571675765049356,1.7341298890243206,0.9496087035005917,2.5429294517922973,-2.094730164647257,-0.7691299890206498,-1.2897045321725444,-1.5023557588265133,-0.1496440476236691,1.9272018407102034,-0.720731532649861,2.004602855913933,-1.9721701428791345,-1.207740417772165,1.9454386989152352,2.7747050550610273,1.199349291919146,-0.6007136908491267,-1.7063656576529607,-0.3646880107347389,-0.9408942583547008,-1.6221147288798328,-1.0523054687585902,1.4058621987924258,-1.565267164365802,1.5667886334419527,-0.4856570772776687,-2.194297213135622,2.147206957971001,1.183724702131998,-0.8119144798787952,-2.7232730705457002
2007-10-23,1.8729971006839463,1.2077995381540712,0.614768317501919,-1.0484134540639696,1.1981652414496704,0.01804203772047199,-2.3327207365287084,1.1464550746950264,1.619287052964789,0.9645478185948638,0.8371719145113379,1.3603880548381684,-1.5837951314756542,-0.9877861526629022,-0.8738049396845172,0.023843020589525303,2.348969059760387,0.6878104178596115,0.8541520460755235,3.0,-0.02767848810981146,0.05455082680890465,2.2973748636958837,2.6711898308830837,0.7877508249090697,-0.783744844356158,-0.8194929299601086,1.5590054065411278,-0.19469189702222317,-1.9267298358107166,-1.865697652949288,1.6172250723309867,-0.43712241421472003,1.9795809350352769,-0.6888854844867494,-1.8249630174066531,1.8808660628468061,1.4696859514683138,0.6011066172504862,-1.5972491412998417
2007-12-04,2.319248063700626,2.7988240064045495,-1.1555654033246656,-1.7595845147692868,1.4034965814171605,-1.5146316222746987,-1.7860053042746855,3.0,2.319396589898415,2.185645278451378,1.32684717366668,2.2012432742483385,-2.6045974705809036,-1.0808902055244551,0.43192059213194645,1.1458083025331454,1.6310052033310622,0.9482329781965886,-0.6420191389995527,2.1817838224271844,-1.4317335003486529,-1.4278356875708753,2.2034956173675617,2.557310070686594,0.07182814157448378,1.0368713386653035,-3.0,1.5590054065411278,1.1728490145068777,-1.6604722187937218,-0.6322414725243346,0.07090911051750746,-3.0,1.3089265041883968,2.9779150360342976,-0.9815922218160706,1.4402962274381261,1.2759280746132928,-0.4073028720446196,-1.1265530671395674
2008-01-22,2.5048377312975263,2.567547930967216,0.4983986687599477,-1.0408760214806545,2.5390647810686153,-2.750748914459851,-2.6443673122969016,1.727219453115332,1.7512102907141058,1.4475110121641601,1.780447549588211,2.439702412426389,-2.4764904183605356,-2.455599563986359,1.3796881571697137,0.08029989260973884,2.5616485438686345,2.2057741912410873,-2.022002342525959,2.2578818484011136,-3.0,-2.697024572485812,2.5396684459716465,2.105446590756382,0.41859654908717486,0.8076424269829297,-1.5420979990443198,-0.33006346589490376,0.744559257105921,-1.289625428018101,-0.7185392255007775,1.274905184251215,-1.5198109992190822,2.6255750687093418,2.3324432063113933,0.04852611351158401,1.3098720040057439,2.87339753325187,2.3495076962793053,-0.8059060343024396
2008-03-11,1.9082149015734222,2.1704200611640307,1.749649714340245,-1.435972287357437,2.2036628963213913,-0.6563407615365802,-1.9235747804345036,1.924099321403879,1.6755228004449418,2.6701776209175527,2.4962906896491055,1.978523408399327,-1.50615354700266,-1.429547354825155,0.9274554845780215,-0.4737250556592124,1.4767185079238325,0.8586304810452158,-1.9398019321866293,0.2449478782156658,-2.0410638519289983,-1.8794652612143017,1.3397067610052158,0.98270023613575,-0.11520530005093053,3.0,-1.9963364437302478,-0.6002691797196891,0.042216085524096045,-2.7220603294191457,-3.0,0.7411928781319496,-1.861540341722137,1.5630238383449606,3.0,3.0,1.8407092483321037,1.5798021198868695,1.5997442041029133,3.0
2008-04-22,0.7349727949281771,1.129075230071204,2.5498995037499084,0.5007836961008731,2.0059115173407656,-0.8573575021368849,-2.0053288459151064,0.816585660202993,1.4109099661857372,2.165424023408011,1.948681472628987,0.7678959861902341,-0.7404693347211384,-0.6288706297361629,0.9743898733759776,1.1894110712490418,0.7551431673711639,-0.8529590757771598,0.654629551408307,0.3461103203568009,-0.22796641605169202,-0.2967396832248309,0.8359532345213312,0.7116125940752924,-1.8680088984172039,2.399776104474083,-1.1806896142514152,-1.5428172842788572,0.08086656834290143,-1.4943629681482522,-1.4869954206942089,-0.8540606194548673,-1.0858780533338388,1.714828382984693,1.3418724431463214,2.4619382883907805,1.3762726219402484,2.4116579412887855,-0.6750119591189998,2.4429679432735245
2008-06-17,-0.05656786375117474,0.24670256578408664,1.9367331047090046,2.082025939384861,1.4804603193023609,1.3419732163680096,-1.3520330252743318,2.2867893002259443,2.2743485204455216,1.2894509919750379,1.048212707054281,-0.07802034379678335,1.0434266611165761,-0.2769137995635705,2.396873414716146,-0.0744541579087508,0.4154725512536699,-0.5651632300073944,1.0290941497947406,-1.6554036339873204,0.23343649835687816,0.792942872946834,0.44582149809352944,-0.8399205979942054,2.136757572430956,1.4602579853696582,0.8156549112219764,-1.1432320923800052,0.7815406786792989,1.1090089350390084,1.5993783611230001,1.6770125868652812,0.7736664729832629,1.1003795626255812,1.467509686490438,2.052658728298558,-0.28870303861113666,1.3460846366700094,-1.1624438944544622,1.6051386372611878
2008-07-29,0.010614438492288237,0.43644524884515484,1.109408173386419,0.9939098139809487,1.0316875547232045,2.477658933106438,-0.8524207843257565,1.8960928877776528,1.9213359799268288,0.5488217714543867,0.9282203050940512,1.0974097576499455,1.0496925148813148,-2.4796673584852535,1.9873860549443716,1.710816250744471,2.5811131667444474,-0.4180606761163355,-1.0470541335607142,-2.0132021200616395,-1.0716225576832328,-0.97328735397148,0.4601122126706958,-0.7475291950052451,1.4618776672179454,1.0445127712342686,1.3492887908614195,0.07459363910469109,1.6805851978700743,1.483232203484534,1.723856581164983,1.0474734114799655,1.3184483631688368,0.40606978118947196,0.5518045995782647,1.5389577180806857,1.2701760492599483,1.7800897994365685,-0.6480650414101142,1.1178327969562423
2008-09-09,-0.5872083843280024,1.1108823236915728,0.39589003058354855,-0.0011816267396155549,0.6151226461982009,0.8531329977789315,-0.7302611943805873,1.6791357882919724,1.322350090558129,0.7383709526939491,-0.048857159058625886,1.7612994483241535,-0.9140015531052844,-1.5912027722290403,1.5118422265554539,-0.6892833210452486,1.605511628637455,0.7082747685279566,-0.4587829038762712,0.2092042808696337,-0.39683218983535545,-0.7573933323617245,1.8932622962122292,1.902784176464771,0.10377163284531181,-0.3628695497788953,0.222590333931426,0.7518094115561139,0.13010426049201734,0.49575320016978874,0.6614195407930435,0.2911837006433378,0.16285803258261083,-0.005085968713072516,0.09748075486996555,0.598037104394372,1.213079398646064,1.3304520823324106,-1.2158595082181567,0.8040273049495553
2008-10-21,2.1806388201058113,3.0,2.209096438021276,0.7003464573146074,3.0,1.2443591412313078,-2.7935523103571716,1.8058153006550859,0.2557315806399121,2.9207304605574573,0.8392001720358734,3.0,-0.27530178741641514,-1.794076499465385,0.2786592265847478,0.7635958407377569,2.756278284371733,2.494836446569411,-3.0,-3.0,-3.0,-3.0,-3.0,-2.7123521672443607,-1.2995802566309982,-1.5033777381190088,-0.5047197260487717,-3.0,-1.4668160642884536,-1.4816855341612374,-1.814914013446621,-1.6970506631647573,-0.22715296003700827,-3.0,2.8725952431102804,1.2071246808604508,1.5719837493275817,-2.2500476569115193,0.6703253963439073,3.0
2008-12-08,0.34193897270378987,2.1062114985106,0.7925410720658727,0.9753232715846096,1.7333842968353772,-2.6298037258902687,-2.2107983278849015,2.303887612776411,-2.2341587736542565,3.0,0.4335846296148468,2.423719456369285,-3.0,-1.158625407676529,-2.0596505111216525,2.125181957032567,1.511113855037666,1.345976997514901,-2.165227699233764,-1.3076264626683303,-2.056657395358384,-2.1530631569028595,-1.5127025635930744,0.24871253777357413,-2.8603026735057897,-3.0,-3.0,-1.6203810884156684,-2.8277618408240484,-2.7618789873008596,-2.467450668426554,-2.3685671302353852,-3.0,-1.6411793243347934,-0.18514841881744554,2.2012177314223385,1.7325835297847847,-1.5535479589283727,-0.5113990084951868,0.6804476572025462
2009-01-21,0.2923271157435771,1.0506826994938672,0.10682589420316833,1.4343989804075878,0.8408318270462014,-2.337634577018683,-1.2664892867281594,2.048584478890505,-1.4316970594264373,1.966415614405482,-0.1420308830970142,0.8802815181589376,-1.5781981620684178,-2.513363855734905,-1.9025329676160267,0.7835262758182733,1.793648761103071,0.4651132717667773,-0.7957929752210837,-0.13679217522100054,-0.8521039117365572,-1.0226651604543162,-0.07175926304888183,0.6760256168381195,-0.19988500762323438,-1.3874860532565216,-1.7317300511025029,-0.8841120290670503,-1.5574186919930137,-1.4888306432384226,-1.3651781071571127,-0.3486509176863873,-1.7807873128612737,-2.372342613880341,0.4092407271566831,0.34669395638391864,2.225964505786481,-2.4342388867102716,1.4882402199479843,0.059959378432947165
2009-03-10,0.5950501470017129,0.6577506195778975,0.7257193029884851,1.1974159912595226,0.759249647192768,-1.2092578122501598,-0.8919456847574974,2.0532666743043504,-0.8849799626082582,1.9168478763840218,0.3089207043653072,0.991705932633199,-0.5378814483920411,-1.599847102429635,-1.6594201473679415,0.575434977243991,1.260314647888904,0.09729259487544437,-0.9235480548812891,-0.7235955182585339,-1.0267301867663408,-1.0892020216358766,-0.6901495207476577,-2.331859795065921,-0.4763249841036042,-1.0414411271631285,-1.134156402478211,-0.5971508580642094,-1.4265931994148409,-1.5743379639695423,-1.6583254201044573,-0.6655399008474177,-0.9535480209151966,-1.4121415351780187,2.651881092804448,0.16466542297584913,2.102734364389406,-1.4096380012194294,1.6695593259397798,-0.11330170367175457
2009-04-21,0.4056611688812442,0.18622493113860292,0.5404387865470224,0.7885453661110491,0.3640226588917854,-1.3016290987375911,-0.6768711307010141,1.6166442351116925,-0.5434233034462865,1.3898084081146584,0.2928465850598725,-0.06216460290506036,-0.3416533152689912,0.3723884842537601,-1.4212695440769998,0.7942216484446307,1.5836603771862277,-0.6001864862028279,0.3138573250340796,0.45533306232113213,0.06850643124773179,-0.04540716759195536,0.9728195402610658,-0.017209337674319775,-0.2768985821409227,-0.07369363412755879,-0.6167989853794743,1.2138154021066172,-1.3631270630731582,-0.04129310427367614,0.18293516482001324,-0.8207729886737647,-0.7862190171470634,-1.0038261955716983,0.9634181882615076,-0.21918535948775153,1.525057199833237,-0.7923312199307976,2.515253593059022,-0.30220206015594864
2009-06-16,1.236480811107198,-2.9866746405702465,1.4153531157698194,0.26244601597337835,-2.038392447528244,0.5641770924791291,-0.1820899161054841,1.3922015852836005,1.1419371688921054,1.1729054664777498,1.4954207806160114,-2.203849684803505,1.183467917692368,0.6095210882194091,-2.0476600945974353,0.72201902467041,1.2501014592404436,-1.1257550695589442,2.39147049517894,2.2751248110097735,2.5995009737901267,2.5611607452976055,2.2743065737077517,0.086895805788202,-1.4455917020268603,0.8813599858277866,1.254705887000894,1.5035072979694217,-2.1296487481596476,1.0007625655469656,0.9028240940781269,-1.5066982606652362,1.279091954000363,-0.7049504415473667,0.26064450773159825,0.35944940171800566,1.1213174959125651,-0.47388369016462506,-0.11737946105918554,-0.618170330943822
2009-08-04,1.1748054484540804,-2.2528792932453867,1.4975594096174507,0.324638388639311,-2.568474728192786,0.4515477155291001,-0.17898274450330962,1.1495030511331739,2.1202130454892623,0.37042816667885675,1.4897946259114216,-1.802235715000468,1.4483829079535104,-0.2472300129180356,-2.4046294547263636,1.88927836599435,1.4259367886373795,-1.4706637829217564,1.973213018815021,2.2789235972937587,2.22805491918208,2.173750431723201,1.8508976705391433,0.5827157459591508,0.32790795087035723,0.7193437973786826,1.8313028131915396,0.8214904358864311,-2.1361650607840845,1.9738205933863668,1.9105828622692644,-1.141410772150044,1.6977649357437101,-0.4347432409116812,-1.3293448037246811,-1.883258025048071,0.8620284516636414,0.7441353426675208,-0.5956259761008476,-3.0
2009-09-15,0.9393805563889333,-1.5242987124078258,0.6727551693357502,-1.276037611101051,-1.8444848186772191,-0.05616356768186596,-0.16743920070678875,1.2302904218751671,1.7039032734586772,0.641530908410827,0.7802293818432425,-1.4966279623753398,0.659014378943579,-0.07524160423880424,-1.9455914253640183,-0.37794875357926183,1.1970309810978734,-1.3321167136933791,1.7825962271306006,1.9168894774076661,1.8749742719188625,1.8962998778742794,1.7045974065630458,1.5004373760257774,-0.777235087100192,-0.8411531014187121,1.1864132667219982,0.5570860145311555,-1.7886744762533813,1.570503197785937,1.6342760303674926,-1.1600386139345695,1.0085169251338364,-0.8972951688239991,-1.6580746691193795,-1.6475611356717788,0.2594551153046204,1.4177200275178625,-1.0310820342441747,-2.365881113286201
2009-10-27,0.7136958894775312,-1.1490291407596274,0.6876703850090187,-1.6153753009092564,-1.214877077254439,-0.3021577338548336,-1.7601139989807948,1.4047916587010696,1.5360606432878348,-0.4375501544158412,0.7463377500418084,-1.26349678134774,0.523887171527746,0.6271671507268105,-1.5313725046048758,1.6373162384074174,1.4777966481330496,-0.8178578910804589,1.5401372945529972,1.4638336143364095,1.6185069742060452,1.581615941829717,1.4066339496394455,1.3368269477099886,-0.1083861292544821,0.6582916702129449,0.29308402180320126,1.6804651704564575,-1.1962079967577945,0.358589638118322,0.40071008900514865,-1.996275054422518,0.2673214018707092,-2.3515265646820374,-1.5047879461029514,-2.116021433995371,-1.0075369726790255,1.607271407753278,-0.5419419846299417,-1.8134482843332373
2009-12-08,1.232359849957263,-0.7858889197630915,0.08975469175817039,-1.648422764984866,-0.8990351892138696,-1.539373890197176,-1.052713854209573,1.0167084089182152,1.4960355543059092,2.7519417731902385,0.38286774768627724,-1.0949040126552894,-0.04636737974833134,0.36411016440231775,-1.5287151018247542,0.2065399991332415,1.2861341445631074,-0.803829433254233,1.3691942181942862,1.2866206703711165,1.2551162916007654,1.4051874352168578,1.3564790368395832,1.4032715708006178,-1.0405278792864046,-1.0742653715497688,-0.4773411553333307,1.5825029095963818,-1.3213501729752257,0.09226175740963612,0.36986448457143173,-1.4980555827484898,-0.5727900200564386,-1.4845006902376932,-0.9385675190018256,-1.3328840292620645,-2.5574987230005455,1.2016333380835744,-0.8222398669839669,-1.697945641194193
